timestamp,delta,theta,alpha,beta,gamma,heart_rate_bpm,breathing_rate_bpm,head_pitch,head_roll,head_movement
2025-11-10T09:29:43.477454Z,0.0002560948501570938,0.00038414227523564067,0.0006402371253927345,0.0019137570498670745,0.002344945699347457,,,,,
2025-11-10T09:29:44.477700Z,0.00026051531235204024,0.0003907729685280604,0.0006512882808801006,0.0019153139664713507,0.0023350594717684485,,,,,
2025-11-10T09:29:45.477733Z,0.0002677640777297087,0.000401646116594563,0.0006694101943242718,0.0019443365496133232,0.002361199061738133,,,,,
2025-11-10T09:29:46.477762Z,0.00028234847885182714,0.00042352271827774074,0.0007058711971295678,0.0020028043640484532,0.0024139112416924086,,,,,
2025-11-10T09:29:47.477790Z,0.0002865983601452213,0.0004298975402178319,0.0007164959003630533,0.002012612541415582,0.002417704657858312,,,,,
2025-11-10T09:29:48.477817Z,0.00026415471664688404,0.00039623207497032606,0.0006603867916172102,0.0018622660089910982,0.002239992407774482,,,,,
2025-11-10T09:29:49.477845Z,0.00020400107360591052,0.00030600161040886573,0.0005100026840147762,0.0015677067838719217,0.0019371278480985253,,,,,
2025-11-10T09:29:50.477885Z,0.00017094600542048234,0.0002564190081307235,0.00042736501355120586,0.0013597579954134377,0.00169696397748415,,,,,
2025-11-10T09:29:51.477913Z,0.00013107896967900964,0.00019661845451851445,0.0003276974241975241,0.00113032433334853,0.001441497818256421,,,,,
2025-11-10T09:29:52.477938Z,0.0001315408495444207,0.00019731127431663108,0.00032885212386105176,0.0011841373580777977,0.0015263053942000985,,,,,
2025-11-10T09:29:53.477963Z,0.00018812557251986052,0.00028218835877979076,0.0004703139312996513,0.001631702592483195,0.0020839725449175025,,,,,
2025-11-10T09:29:54.477988Z,0.0002207086331066889,0.0003310629496600333,0.0005517715827667222,0.0018572338489097247,0.0023535899855568303,,,,,
2025-11-10T09:29:55.478013Z,0.00024245529958758622,0.00036368294938137933,0.0006061382489689656,0.0020520805157335817,0.0026044539863284894,,,,,
2025-11-10T09:29:56.478037Z,0.00029209209280043626,0.0004381381392006543,0.0007302302320010905,0.0024326936137842466,0.0030744519222135735,,,,,
2025-11-10T09:29:57.478063Z,0.0002865094060192302,0.0004297641090288452,0.0007162735150480754,0.0024142174256760367,0.003060521544227814,,,,,
2025-11-10T09:29:58.478088Z,0.00022537406763807938,0.00033806110145711903,0.0005634351690951984,0.001989746173537009,0.0025525464882725922,,,,,
2025-11-10T09:29:59.478112Z,0.000251922933157841,0.0003778843997367615,0.0006298073328946025,0.0021764144411741343,0.00277687889303666,,,,,
2025-11-10T09:30:00.478136Z,0.0002562169959947031,0.0003843254939920546,0.0006405424899867577,0.0021080898495429434,0.0026555361704835405,,,,,
2025-11-10T09:30:01.478161Z,0.00024192634326008531,0.00036288951489012796,0.0006048158581502133,0.0019366296326260816,0.0024212136510734917,,,,,
2025-11-10T09:30:02.478185Z,0.00022621768649845803,0.000339326529747687,0.0005655442162461451,0.0018081004191166895,0.0022595511483910207,,,,,
2025-11-10T09:30:03.478209Z,0.0002536583908093141,0.00038048758621397113,0.0006341459770232852,0.002030578284699811,0.002538681761253618,,,,,
2025-11-10T09:30:04.478232Z,0.00022812803488482153,0.00034219205232723234,0.0005703200872120539,0.0018614382012513047,0.0023395426243245873,,,,,
2025-11-10T09:30:05.478256Z,0.00018697226566394222,0.0002804583984959133,0.0004674306641598555,0.0015315626982843563,0.001926977973395932,,,,,
2025-11-10T09:30:06.478280Z,0.00019418031499053744,0.0002912704724858061,0.00048545078747634353,0.0015844170411618529,0.0019913623838854603,,,,,
2025-11-10T09:30:07.478307Z,0.00020045367070273845,0.00030068050605410764,0.0005011341767568461,0.001687814201713067,0.00213923244477324,,,,,
2025-11-10T09:30:08.478333Z,0.00018471589491816842,0.00027707384237725256,0.000461789737295421,0.001596591550453857,0.0020373419749553003,,,,,
2025-11-10T09:30:09.478357Z,0.00019275265997286827,0.00028912898995930235,0.0004818816499321706,0.0016451358261768032,0.0020925098739588547,,,,,
2025-11-10T09:30:10.478381Z,0.00016219776230233111,0.0002432966434534967,0.0004054944057558278,0.0014559668934364884,0.0018753932950518544,,,,,
2025-11-10T09:30:11.478404Z,0.00015560441307820253,0.00023340661961730378,0.0003890110326955063,0.0013479304966261363,0.0017209964379828514,,,,,
2025-11-10T09:30:12.478428Z,0.0001421625515486929,0.00021324382732303935,0.0003554063788717322,0.0012281924563818751,0.00156705278587466,,,,,
2025-11-10T09:30:13.478454Z,0.00014881277618917222,0.00022321916428375837,0.0003720319404729306,0.001286463035532239,0.0016416650835219004,,,,,
2025-11-10T09:30:14.478478Z,0.0001571720267818671,0.00023575804017280063,0.00039293006695466777,0.001425091746569189,0.0018400651195214749,,,,,
2025-11-10T09:30:15.478501Z,0.00016569044997042132,0.000248535674955632,0.0004142261249260533,0.0015106803884865664,0.0019531553616613266,,,,,
2025-11-10T09:30:16.478526Z,0.00017564670372970066,0.00026347005559455096,0.00043911675932425167,0.001619088942997946,0.002098731538353552,,,,,
2025-11-10T09:30:17.478550Z,0.00016750108283719803,0.00025125162425579704,0.0004187527070929951,0.0015437863914454478,0.002001055194368562,,,,,
2025-11-10T09:30:18.478573Z,0.00015287567840934987,0.00022931351761402478,0.0003821891960233747,0.0014074236567305502,0.001823825951222701,,,,,
2025-11-10T09:30:19.478597Z,0.00014688536364171575,0.00022032804546257362,0.00036721340910428937,0.0013991796923031638,0.0018274084894882579,,,,,
2025-11-10T09:30:20.478621Z,0.0001487089317895988,0.00022306339768439818,0.000371772329473997,0.0014116459038703397,0.0018422484371816668,,,,,
2025-11-10T09:30:21.478644Z,0.00017375578674129184,0.0002606336801119377,0.00043438946685322955,0.0015581301035265992,0.0020064919627669417,,,,,
2025-11-10T09:30:22.478668Z,0.00018164437159607968,0.0002724665573941195,0.00045411092899019914,0.001668249762495625,0.002160595379523977,,,,,
2025-11-10T09:30:23.478692Z,0.00017435906550980484,0.0002615385982647072,0.00043589766377451206,0.0016292138676455494,0.002118536804805426,,,,,
2025-11-10T09:30:24.478717Z,0.00018484906642414727,0.00027727359963622086,0.00046212266606036813,0.001627117713025721,0.0020858109548535413,,,,,
2025-11-10T09:30:25.478741Z,0.00022178216913410528,0.0003326732537011579,0.0005544554228352631,0.0018999839338096028,0.00241898422051987,,,,,
2025-11-10T09:30:26.478765Z,0.00024681357004296197,0.0003702203550644429,0.0006170339251074049,0.0021048350561174937,0.002676658093667696,,,,,
2025-11-10T09:30:27.478789Z,0.00023447022066408206,0.00035170533099612304,0.0005861755516602051,0.001987263659438084,0.002523105237241505,,,,,
2025-11-10T09:30:28.478971Z,0.00019397229266067696,0.00029095843899101543,0.00048493073165169236,0.0017055553677486574,0.0021857661689479563,,,,,
2025-11-10T09:30:29.479016Z,0.00018107413280389048,0.0002716111992058357,0.0004526853320097261,0.0015936057337813238,0.0020427616021992247,,,,,
2025-11-10T09:30:30.479048Z,0.0002402165338139633,0.00036032480072094487,0.0006005413345349081,0.002082126394465108,0.0026587959364650754,,,,,
2025-11-10T09:30:31.479075Z,0.00024327260592256158,0.00036490890888384237,0.000608181514806404,0.002137184718065525,0.0027383322523216675,,,,,
2025-11-10T09:30:32.479109Z,0.0002322737566532146,0.00034841063497982193,0.0005806843916330365,0.0020313068212934335,0.002599724395440493,,,,,
2025-11-10T09:30:33.479136Z,0.00024325817967877584,0.00036488726951816375,0.0006081454491969396,0.002071860386425651,0.002633853715180469,,,,,
2025-11-10T09:30:34.479164Z,0.00023745435731781196,0.0003561815359767179,0.0005936358932945298,0.0019986828515003133,0.0025330203619106277,,,,,
2025-11-10T09:30:35.479190Z,0.00021512019249683993,0.0003226802887452599,0.0005378004812420998,0.0018427498371180583,0.0023460632003977416,,,,,
2025-11-10T09:30:36.479236Z,0.0002079428242699612,0.0003119142364049418,0.000519857060674903,0.0017632476102331103,0.002238956268417085,,,,,
2025-11-10T09:30:37.479263Z,0.00019586995448630138,0.00029380493172945205,0.0004896748862157534,0.001701478884665437,0.0021739303429030555,,,,,
2025-11-10T09:30:38.479288Z,0.00019850827354490842,0.00029776241031736263,0.0004962706838622711,0.001731868768538923,0.0022151668637365334,,,,,
2025-11-10T09:30:39.479316Z,0.000178258126443805,0.0002673871896657075,0.00044564531610951253,0.0016247346622398572,0.0021004527055411178,,,,,
2025-11-10T09:30:40.479341Z,0.00017626020230341908,0.0002643903034551286,0.0004406505057585477,0.001620129444204799,0.002098678544278105,,,,,
2025-11-10T09:30:41.479369Z,0.0001922703775281031,0.0002884055662921546,0.00048067594382025775,0.0017456873728608356,0.0022547427394986486,,,,,
2025-11-10T09:30:42.479398Z,0.00020758859714326694,0.00031138289571490033,0.0005189714928581673,0.0018375815716480043,0.0023588824426356595,,,,,
2025-11-10T09:30:43.479422Z,0.00021467561315727831,0.0003220134197359174,0.0005366890328931957,0.0018660110196361487,0.002384525914577459,,,,,
2025-11-10T09:30:44.479448Z,0.0002086671853747786,0.0003130007780621679,0.0005216679634369465,0.0018184827662213405,0.002325304306904765,,,,,
2025-11-10T09:30:45.479478Z,0.00019590820779196924,0.00029386231168795386,0.0004897705194799231,0.0017406199780221796,0.0022364489830179733,,,,,
2025-11-10T09:30:46.479502Z,0.00020206099085346454,0.00030309148628019684,0.0005051524771336614,0.0017812995462009147,0.002284308499531763,,,,,
2025-11-10T09:30:47.479528Z,0.00021377330592874694,0.0003206599588931204,0.0005344332648218673,0.0019007264334449062,0.002442597036911359,,,,,
2025-11-10T09:30:48.479553Z,0.00021792066927510975,0.0003268810039126646,0.0005448016731877743,0.001960070587536445,0.002525935066088005,,,,,
2025-11-10T09:30:49.479578Z,0.00020230365562384499,0.00030345548343576744,0.0005057591390596125,0.0018806057529336688,0.0024425189689471043,,,,,
2025-11-10T09:30:50.479602Z,0.00020256191636050492,0.0003038428745407574,0.0005064047909012622,0.0018036272246180346,0.002318630193579442,,,,,
2025-11-10T09:30:51.479626Z,0.00016199650836836747,0.00024299476255255123,0.0004049912709209187,0.0014168514159959968,0.0018133720421621658,,,,,
2025-11-10T09:30:52.479650Z,0.00018981738434289294,0.00028472607651433936,0.0004745434608572323,0.0015236218286329363,0.0019063062496525983,,,,,
2025-11-10T09:30:53.479676Z,0.000210357000112325,0.0003155355001684874,0.0005258925002808124,0.0016698248460588023,0.002082720153379574,,,,,
2025-11-10T09:30:54.479700Z,0.000228102449996843,0.0003421536749952645,0.0005702561249921075,0.001817085619233441,0.002268650130782345,,,,,
2025-11-10T09:30:55.479726Z,0.00026125988717345917,0.0003918898307601887,0.0006531497179336479,0.002043567018545535,0.0025381795455871707,,,,,
2025-11-10T09:30:56.479750Z,0.00025406643545319374,0.00038109965317979056,0.0006351660886329842,0.0020367495546165285,0.002547413268117503,,,,,
2025-11-10T09:30:57.479773Z,0.00023790755972644673,0.00035686133958967006,0.0005947688993161168,0.0019930955263853145,0.002522811674982452,,,,,
2025-11-10T09:30:58.479797Z,0.00021995869523901967,0.0003299380428585295,0.0005498967380975491,0.0019508430271054451,0.0025054644966994574,,,,,
2025-11-10T09:30:59.479824Z,0.0002233466424950303,0.00033501996374254544,0.0005583666062375758,0.00199714668711959,0.002570064100405259,,,,,
2025-11-10T09:31:00.479851Z,0.00020809470653747556,0.0003121420598062133,0.0005202367663436888,0.0019062414021605973,0.002467321065152024,,,,,
2025-11-10T09:31:01.479877Z,0.00020847543043237847,0.0003127131456485677,0.0005211885760809462,0.0018810857896341413,0.0024260060582039665,,,,,
2025-11-10T09:31:02.479900Z,0.00023329769047512335,0.000349946535712685,0.0005832442261878083,0.0020565477234441264,0.0026372428241802567,,,,,
2025-11-10T09:31:03.479924Z,0.0002441738353958537,0.00036626075309378057,0.0006104345884896343,0.002142408293126585,0.0027441665298941456,,,,,
2025-11-10T09:31:04.479948Z,0.0002424477410703163,0.0003636716116054744,0.0006061193526757907,0.0021134342190943477,0.002702641075554071,,,,,
2025-11-10T09:31:05.479974Z,0.00024423715448442505,0.0003663557317266375,0.0006105928862110625,0.002118268176974717,0.0027053650506031575,,,,,
2025-11-10T09:31:06.479998Z,0.0001750576507319054,0.0002625864760978581,0.00043764412682976354,0.0015116127570730029,0.0019284189892674695,,,,,
2025-11-10T09:31:07.480025Z,0.0001954197238594513,0.000293129585789177,0.0004885493096486283,0.0016862552336573873,0.002150833147045356,,,,,
2025-11-10T09:31:08.480048Z,0.00019536859356350544,0.0002930528903452581,0.0004884214839087636,0.0016923754208308804,0.002160768611351594,,,,,
2025-11-10T09:31:09.480080Z,0.00019454322250368552,0.0002918148337555282,0.00048635805625921375,0.0017071838117276512,0.0021867730757539226,,,,,
2025-11-10T09:31:10.480103Z,0.00019169850598575513,0.0002875477589786327,0.0004792462649643878,0.001653168187242823,0.0021083132828284027,,,,,
2025-11-10T09:31:11.480130Z,0.00017210805697195043,0.0002581620854579256,0.00043027014242987607,0.0015110920287160418,0.0019358446864242056,,,,,
2025-11-10T09:31:12.480154Z,0.00018659113763333016,0.0002798867064499952,0.00046647784408332534,0.0016293809604641055,0.002084554351369244,,,,,
2025-11-10T09:31:13.480178Z,0.00019980490003500915,0.0002997073500525137,0.0004995122500875229,0.0017146635461242228,0.0021840079537007308,,,,,
2025-11-10T09:31:14.480204Z,0.0001810293912520955,0.0002715440868781432,0.0004525734781302387,0.001595498592017457,0.002045915451722064,,,,,
2025-11-10T09:31:15.480231Z,0.0001651765007880502,0.00024776475118207524,0.00041294125197012543,0.0015008302685639572,0.0019388342274957915,,,,,
2025-11-10T09:31:16.480259Z,0.0001547051026686625,0.00023205765400299372,0.0003867627566716562,0.0014448529900495932,0.0018785904966070943,,,,,
2025-11-10T09:31:17.480282Z,0.00013810663797217892,0.00020715995695826838,0.0003452665949304473,0.0013165613063312335,0.0017197995038078727,,,,,
2025-11-10T09:31:18.480306Z,0.00012645352498977095,0.0001896802874846564,0.0003161338124744273,0.0012023970173163474,0.0015697653577347976,,,,,
2025-11-10T09:31:19.480333Z,0.0001385299504469718,0.00020779492567045765,0.00034632487611742943,0.0012552069650064084,0.0016204472827587323,,,,,
2025-11-10T09:31:20.480358Z,0.0001297094668347035,0.00019456420025205522,0.00032427366708675875,0.001183796989601405,0.001530888676225078,,,,,
2025-11-10T09:31:21.480381Z,0.00013397010583604213,0.00020095515875406318,0.0003349252645901053,0.0012075268335233486,0.0015569266372964397,,,,,
2025-11-10T09:31:22.480405Z,0.00012407117624624247,0.0001861067643693637,0.0003101779406156062,0.001140727850868564,0.0014777652679002235,,,,,
2025-11-10T09:31:23.480431Z,0.0001209543360805973,0.00018143150412089595,0.00030238584020149324,0.001116289792547187,0.001447391527049827,,,,,
2025-11-10T09:31:24.480458Z,0.0001338004598064664,0.0002007006897096996,0.000334501149516166,0.0012016430724714512,0.001547987628496216,,,,,
2025-11-10T09:31:25.480481Z,0.00015220704109582386,0.00022831056164373577,0.00038051760273955963,0.0013364921190727641,0.001712207675448116,,,,,
2025-11-10T09:31:26.480508Z,0.0001612627836262023,0.00024189417543930342,0.0004031569590655057,0.0014057999523162904,0.0017977441295526982,,,,,
2025-11-10T09:31:27.480533Z,0.0001649357606482462,0.00024740364097236925,0.00041233940162061546,0.0014469820486822528,0.0018533511480765157,,,,,
2025-11-10T09:31:28.480560Z,0.00015410534798096124,0.0002311580219714418,0.000385263369952403,0.0013720435517084173,0.0017637747083867766,,,,,
2025-11-10T09:31:29.480583Z,0.00015047674365409384,0.0002257151154811407,0.00037619185913523453,0.0013341954476773052,0.001713377834052226,,,,,
2025-11-10T09:31:30.480607Z,0.00016240830682726009,0.0002436124602408901,0.0004060207670681502,0.001372341432684626,0.0017410030331790735,,,,,
2025-11-10T09:31:31.480630Z,0.00016511135551516972,0.0002476670332727546,0.00041277838878792436,0.0013520523145640869,0.0017009719078600635,,,,,
2025-11-10T09:31:32.480658Z,0.00017606167322832937,0.000264092509842494,0.00044015418307082337,0.0014491739688067982,0.0018257056650515554,,,,,
2025-11-10T09:31:33.480681Z,0.00019010388223324645,0.00028515582334986966,0.0004752597055831161,0.0015506086381103297,0.0019486829507234375,,,,,
2025-11-10T09:31:34.480707Z,0.000180251645157597,0.0002703774677363955,0.0004506291128939925,0.0013729093771743409,0.001691950397037674,,,,,
2025-11-10T09:31:35.480733Z,0.00018442493515934236,0.00027663740273901346,0.0004610623378983558,0.0014418727471728642,0.001790606577030424,,,,,
2025-11-10T09:31:36.480760Z,0.00018115780237032593,0.0002717367035554889,0.0004528945059258148,0.0016294683979943398,0.002099907590154031,,,,,
2025-11-10T09:31:37.480783Z,0.00023754915392085088,0.0003563237308812762,0.0005938728848021271,0.001984326485143895,0.0025097847452518504,,,,,
2025-11-10T09:31:38.480808Z,0.00020753691583130866,0.00031130537374696296,0.0005188422895782717,0.0017456595327581235,0.0022119518880853333,,,,,
2025-11-10T09:31:39.480834Z,0.00017989893160342863,0.0002698483974051429,0.00044974732900857154,0.0015874674424894064,0.00203623089949345,,,,,
2025-11-10T09:31:40.480861Z,0.00021470479856889582,0.0003220571978533437,0.0005367619964222395,0.0018506528627493957,0.002359871144406125,,,,,
2025-11-10T09:31:41.480885Z,0.00021893420003181457,0.0003284013000477219,0.0005473355000795364,0.0018650929845884644,0.002371133015252462,,,,,
2025-11-10T09:31:42.480911Z,0.00025658392175967104,0.00038487588263950653,0.0006414598043991776,0.002087807835434124,0.0026220575557675194,,,,,
2025-11-10T09:31:43.480935Z,0.0002565930471001,0.00038488957065015,0.00064148261775025,0.002068330498607608,0.0025908682658918923,,,,,
2025-11-10T09:31:44.480959Z,0.0002639087337405703,0.00039586310061085535,0.0006597718343514257,0.002097064148373363,0.0026163581829237847,,,,,
2025-11-10T09:31:45.480986Z,0.0002484378781176008,0.00037265681717640116,0.0006210946952940019,0.0019852579492851074,0.0024807866601268894,,,,,
2025-11-10T09:31:46.481013Z,0.00026159282236827797,0.0003923892335524169,0.0006539820559206948,0.002027610688765303,0.0025117171993933067,,,,,
2025-11-10T09:31:47.481036Z,0.0002799520345989656,0.0004199280518984484,0.000699880086497414,0.0021274513553393355,0.002620056471665833,,,,,
2025-11-10T09:31:48.481060Z,0.00029510237208177066,0.0004426535581226559,0.0007377559302044265,0.0022038783774692714,0.0026999187621218764,,,,,
2025-11-10T09:31:49.481088Z,0.0003036828572208483,0.00045552428583127234,0.0007592071430521206,0.0022928456592746665,0.002818241054621091,,,,,
2025-11-10T09:31:50.481113Z,0.0003127029948232252,0.0004690544922348378,0.0007817574870580629,0.002373125542841886,0.0029214324830419865,,,,,
2025-11-10T09:31:51.481138Z,0.0003108476254667436,0.0004662714382001154,0.000777119063666859,0.0023598893169127556,0.002905449555753526,,,,,
2025-11-10T09:31:52.481163Z,0.0002868261301882612,0.0004302391952823918,0.0007170653254706529,0.0022047282744560867,0.002724452074602607,,,,,
2025-11-10T09:31:53.481189Z,0.0002624318653715105,0.00039364779805726573,0.0006560796634287763,0.002073914575454875,0.002583454097687572,,,,,
2025-11-10T09:31:54.481213Z,0.00027388881972007325,0.00041083322958010985,0.0006847220493001831,0.002128731383313783,0.0026390815180858482,,,,,
2025-11-10T09:31:55.481236Z,0.0002377484211753415,0.00035662263176301225,0.0005943710529383538,0.0018991617205439421,0.002372963173579351,,,,,
2025-11-10T09:31:56.481261Z,0.00025911826109740457,0.00038867739164610685,0.0006477956527435114,0.002115629163686811,0.002659475530826165,,,,,
2025-11-10T09:31:57.481284Z,0.0002529923418141435,0.00037948851272121524,0.0006324808545353587,0.0021432660953880317,0.0027208471955412496,,,,,
2025-11-10T09:31:58.481314Z,0.000260214661325733,0.00039032199198859945,0.0006505366533143324,0.0022119206711859185,0.0028104720221854176,,,,,
2025-11-10T09:31:59.481338Z,0.0002433577891281357,0.00036503668369220355,0.0006083944728203393,0.002087130332276192,0.0026580067220831277,,,,,
2025-11-10T09:32:00.481361Z,0.0002131805196354523,0.0003197707794531784,0.0005329512990886307,0.0018763437910776935,0.0024052446107450435,,,,,
2025-11-10T09:32:01.481385Z,0.0002129368200269269,0.00031940523004039026,0.0005323420500673171,0.0018922834599772156,0.00243143043988815,,,,,
2025-11-10T09:32:02.481412Z,0.0002548986224077271,0.0003823479336115906,0.0006372465560193178,0.0021226453964242305,0.002682516491537133,,,,,
2025-11-10T09:32:03.481436Z,0.0002444543265074716,0.0003666814897612074,0.0006111358162686789,0.001963734416032139,0.0024575029514305015,,,,,
2025-11-10T09:32:04.481462Z,0.00024364683751477629,0.00036547025627216436,0.0006091170937869407,0.0019202099836413428,0.002390124828784775,,,,,
2025-11-10T09:32:05.481486Z,0.0002949435714407942,0.00044241535716119123,0.0007373589286019855,0.0021881935164731747,0.002675267626322856,,,,,
2025-11-10T09:32:06.481511Z,0.00028493803048178375,0.00042740704572267563,0.0007123450762044594,0.0021243989742077214,0.00260121187338336,,,,,
2025-11-10T09:32:07.481535Z,0.0002659502388535845,0.00039892535828037673,0.0006648755971339613,0.002088836720970044,0.0025974780847620336,,,,,
2025-11-10T09:32:08.481562Z,0.0002899369749142702,0.0004349054623714053,0.0007248424372856755,0.0022756306366110025,0.0028291854888176475,,,,,
2025-11-10T09:32:09.481588Z,0.00031413203924736215,0.00047119805887104306,0.0007853300981184052,0.002454093659098386,0.0030469801446648044,,,,,
2025-11-10T09:32:10.481612Z,0.000325179526757815,0.00048776929013672247,0.0008129488168945374,0.0025038300158203098,0.003095625350390614,,,,,
2025-11-10T09:32:11.481636Z,0.00031447353823599224,0.0004717103073539883,0.0007861838455899806,0.0024035770061080065,0.0029651973027120327,,,,,
2025-11-10T09:32:12.481660Z,0.00031666233043382803,0.00047499349565074207,0.0007916558260845702,0.0023389476434790683,0.0028556617043517907,,,,,
2025-11-10T09:32:13.481684Z,0.0002946550065081253,0.00044198250976218797,0.0007366375162703133,0.002322384994493125,0.002890781972966249,,,,,
2025-11-10T09:32:14.481707Z,0.0002868007842789571,0.0004302011764184356,0.0007170019606973926,0.0022961843363793442,0.002870852742225871,,,,,
2025-11-10T09:32:15.481734Z,0.00028153583357721145,0.00042230375036581713,0.0007038395839430285,0.0023567823715885134,0.002982551460525429,,,,,
2025-11-10T09:32:16.481761Z,0.00025596392899192506,0.0003839458934878876,0.0006399098224798127,0.0021855920600837553,0.002780248294956618,,,,,
2025-11-10T09:32:17.481787Z,0.00020748614790172748,0.0003112292218525912,0.0005187153697543187,0.0018582009517754614,0.0023921603087159013,,,,,
2025-11-10T09:32:18.481814Z,0.0001712883302750395,0.0002569324954125592,0.00042822082568759874,0.0015693252589980432,0.002031313089626759,,,,,
2025-11-10T09:32:19.481839Z,0.00019371541678628784,0.00029057312517943173,0.00048428854196571957,0.0015696919550269874,0.001969103961041574,,,,,
2025-11-10T09:32:20.481865Z,0.00021275133350582187,0.0003191270002587328,0.0005318783337645547,0.001657937717802766,0.0020569966146681247,,,,,
2025-11-10T09:32:21.481888Z,0.00020055409726877298,0.00030083114590315945,0.0005013852431719324,0.0015333996100033458,0.0018918879036527887,,,,,
2025-11-10T09:32:22.481914Z,0.000163409056995273,0.0002451135854929095,0.00040852264248818253,0.001365965413311692,0.0017279993017119424,,,,,
2025-11-10T09:32:23.481938Z,0.00014666895359907712,0.00022000343039861565,0.00036667238399769276,0.0012895035777238577,0.001652532654280757,,,,,
2025-11-10T09:32:24.481961Z,0.00015677401791681851,0.00023516102687522774,0.00039193504479204626,0.0013791708309934612,0.0017677060794224464,,,,,
2025-11-10T09:32:25.481987Z,0.00016009007165090664,0.00024013510747635991,0.00040022517912726655,0.0014171322470646177,0.00181915939468085,,,,,
2025-11-10T09:32:26.482013Z,0.00015530376222483596,0.0002329556433372539,0.00038825940556208984,0.0013749433550405235,0.0017650588338352972,,,,,
2025-11-10T09:32:27.482036Z,0.00014871495853509918,0.00022307243780264878,0.00037178739633774794,0.0012628938812395312,0.0016042283260849723,,,,,
2025-11-10T09:32:28.482059Z,0.00013510392447569443,0.00020265588671354164,0.0003377598111892361,0.001109777833135951,0.0013973535444855776,,,,,
2025-11-10T09:32:29.482086Z,0.0001221951848012167,0.00018329277720182503,0.0003054879620030417,0.0009661256128605091,0.0012036544631334077,,,,,
2025-11-10T09:32:30.482109Z,0.00010986602009115893,0.0001647990301367384,0.0002746650502278973,0.0008430179829997888,0.001041203916544417,,,,,
2025-11-10T09:32:31.482136Z,9.259122302249328e-05,0.00013888683453373992,0.00023147805755623319,0.0007488355035963519,0.0009388813812911819,,,,,
2025-11-10T09:32:32.482159Z,8.424879246764272e-05,0.00012637318870146406,0.00021062198116910677,0.0007057825602196869,0.0008933554774420994,,,,,
2025-11-10T09:32:33.482185Z,7.063303622876356e-05,0.0001059495543431453,0.00017658259057190887,0.0006273385847295076,0.0008059692341266743,,,,,
2025-11-10T09:32:34.482208Z,7.459360961177265e-05,0.00011189041441765898,0.00018648402402943163,0.0006808077149438848,0.0008804302369972522,,,,,
2025-11-10T09:32:35.482234Z,5.1909510792776234e-05,7.786426618916435e-05,0.00012977377698194058,0.0005298950293291892,0.0007024854167069294,,,,,
2025-11-10T09:32:36.482260Z,6.271582741404983e-05,9.407374112107474e-05,0.00015678956853512458,0.0006119177614188809,0.00080346410151087,,,,,
2025-11-10T09:32:37.482287Z,6.601750975705692e-05,9.902626463558537e-05,0.0001650437743926423,0.0006478367225132597,0.0008516897287014559,,,,,
2025-11-10T09:32:38.482310Z,9.613817470633384e-05,0.00014420726205950076,0.00024034543676583456,0.0008668138521715636,0.0011177152742967672,,,,,
2025-11-10T09:32:39.482336Z,0.0001255541302118232,0.00018833119531773477,0.000313885325529558,0.0010203053513592264,0.0012809369975816571,,,,,
2025-11-10T09:32:40.482363Z,0.00013222527022865868,0.00019833790534298798,0.00033056317557164666,0.000978666694421904,0.0011956359544348025,,,,,
2025-11-10T09:32:41.482389Z,0.00010432697289147222,0.0001564904593372083,0.0002608174322286806,0.0008676490998610618,0.001096123035681577,,,,,
2025-11-10T09:32:42.482412Z,0.00011093757470395241,0.0001664063620559286,0.00027734393675988103,0.0009316282060197327,0.0011799799204605058,,,,,
2025-11-10T09:32:43.482439Z,0.0001311710873600662,0.00019675663104009927,0.00032792771840016547,0.0011897506183876365,0.0015363219448120329,,,,,
2025-11-10T09:32:44.482462Z,0.0001535478754337771,0.00023032181315066564,0.00038386968858444273,0.0013231560284791115,0.0016871155943520026,,,,,
2025-11-10T09:32:45.482487Z,0.00014812893376365695,0.00022219340064548538,0.00037032233440914233,0.0012791878252769052,0.001631939505904809,,,,,
2025-11-10T09:32:46.482511Z,0.00016877417515653734,0.000253161262734806,0.0004219354378913433,0.00146116415948293,0.0018652949647343833,,,,,
2025-11-10T09:32:47.482534Z,0.00021611351291180372,0.00032417026936770553,0.0005402837822795092,0.0018252381813823198,0.002315263254058662,,,,,
2025-11-10T09:32:48.482560Z,0.0002368287010272389,0.0003552430515408583,0.0005920717525680973,0.0019873272529769516,0.0025166032418868535,,,,,
2025-11-10T09:32:49.482584Z,0.0001931868259330186,0.0002897802388995279,0.0004829670648325465,0.0015957642242105223,0.0020122996461243835,,,,,
2025-11-10T09:32:50.482608Z,0.00014906310260353687,0.00022359465390530528,0.00037265775650884215,0.0014147592977970073,0.0018462381891853087,,,,,
2025-11-10T09:32:51.482631Z,0.00015666190231781993,0.0002349928534767299,0.00039165475579454984,0.00145736839034646,0.0018931360980644402,,,,,
2025-11-10T09:32:52.482658Z,0.00018028399938937472,0.00027042599908406204,0.0004507099984734367,0.0016812508466705288,0.0021852061563825973,,,,,
2025-11-10T09:32:53.482681Z,0.0001733797397810112,0.0002600696096715168,0.00043344934945252803,0.0015799159894160674,0.0020424023116788763,,,,,
2025-11-10T09:32:54.482708Z,0.00012909211856048852,0.00019363817784073275,0.0003227302964012213,0.001157502438141125,0.0014905459690564323,,,,,
2025-11-10T09:32:55.482731Z,9.657782954095559e-05,0.00014486674431143337,0.00024144457385238895,0.0009175495288499604,0.001197661323445261,,,,,
2025-11-10T09:32:56.482757Z,0.00012216566342122158,0.00018324849513183235,0.00030541415855305393,0.0011245386694128125,0.00145719801348108,,,,,
2025-11-10T09:32:57.482781Z,0.00011586981946879131,0.00017380472920318693,0.00028967454867197826,0.001109995537372561,0.001451557365283482,,,,,
2025-11-10T09:32:58.482807Z,0.00010742251964224083,0.00016113377946336122,0.0002685562991056021,0.0010678894064565655,0.0014078399953322304,,,,,
2025-11-10T09:32:59.482833Z,0.00012414718061590642,0.00018622077092385962,0.000310367951539766,0.0011722273856326945,0.0015279517112877733,,,,,
2025-11-10T09:33:00.482859Z,0.00015524296197287873,0.0002328644429593181,0.0003881074049321968,0.0013858359552537181,0.0017826572348818887,,,,,
2025-11-10T09:33:01.482885Z,0.00020452740355630713,0.0003067911053344607,0.0005113185088907678,0.0017338483508369709,0.0022014806313814935,,,,,
2025-11-10T09:33:02.482911Z,0.0002168557205838476,0.0003252835808757714,0.000542139301459619,0.0018660374671982825,0.002378463929882479,,,,,
2025-11-10T09:33:03.482935Z,0.0002451722243577375,0.00036775833653660624,0.0006129305608943438,0.0021169542716972995,0.0027006446065140142,,,,,
2025-11-10T09:33:04.482962Z,0.0002649963706470148,0.0003974945559705222,0.000662490926617537,0.0023006473017602174,0.0029390458450047068,,,,,
2025-11-10T09:33:05.482988Z,0.0002645947636419163,0.0003968921454628744,0.0006614869091047908,0.0023130763538414547,0.0029600568279489624,,,,,
2025-11-10T09:33:06.483012Z,0.0002838789526484321,0.00042581842897264805,0.0007096973816210801,0.0024343966554513257,0.003100173581306512,,,,,
2025-11-10T09:33:07.483036Z,0.00028598568398326433,0.00042897852597489645,0.0007149642099581608,0.002444672113552622,0.003110715466531056,,,,,
2025-11-10T09:33:08.483066Z,0.00027879285176273053,0.0004181892776440958,0.0006969821294068263,0.00237694951004692,0.0030224992311394267,,,,,
2025-11-10T09:33:09.483092Z,0.0002589514543458331,0.00038842718151874963,0.0006473786358645828,0.0022439603078612176,0.0028652724204096163,,,,,
2025-11-10T09:33:10.483117Z,0.0002342145799357262,0.00035132186990358925,0.0005855364498393154,0.002060258047746693,0.0026406120525746756,,,,,
2025-11-10T09:33:11.483143Z,0.00020877830522693654,0.0003131674578404048,0.0005219457630673413,0.0018362475878849,0.002353416885980418,,,,,
2025-11-10T09:33:12.483167Z,0.00018121583139693072,0.00027182374709539605,0.00045303957849232677,0.0016364996811256735,0.002110995161889672,,,,,
2025-11-10T09:33:13.483194Z,0.00027570507480559407,0.00041355761220839113,0.0006892626870139851,0.0023375391674721894,0.0029680884584998395,,,,,
2025-11-10T09:33:14.483218Z,0.00026622533032057003,0.000399337995480855,0.0006655633258014251,0.002265533951267209,0.0028794233971299386,,,,,
2025-11-10T09:33:15.483241Z,0.00022339242928274704,0.00033508864392412056,0.0005584810732068675,0.001961021790606907,0.0025121360629793595,,,,,
2025-11-10T09:33:16.483265Z,0.0002664379153862383,0.00039965687307935737,0.0006660947884655957,0.0021892317639039525,0.0027567446591648566,,,,,
2025-11-10T09:33:17.483291Z,0.0002565510186704933,0.00038482652800573994,0.0006413775466762333,0.002159156830355736,0.0027363080762917973,,,,,
2025-11-10T09:33:18.483316Z,0.00022566989030777603,0.000338504835461664,0.0005641747257694401,0.001929115092816497,0.002454708455644622,,,,,
2025-11-10T09:33:19.483340Z,0.0002582496196689441,0.0003873744295034161,0.0006456240491723601,0.002157376091049356,0.002728702810605926,,,,,
2025-11-10T09:33:20.483365Z,0.00028894476359893107,0.00043341714539839657,0.0007223619089973276,0.0023878294308009047,0.0030114817512044405,,,,,
2025-11-10T09:33:21.483391Z,0.00022953649377780678,0.0003443047406667101,0.0005738412344445169,0.0020194414283418558,0.0025884041027691104,,,,,
2025-11-10T09:33:22.483418Z,0.00018364018133809525,0.0002754602720071429,0.00045910045334523813,0.0016833025388677655,0.0021790915544417588,,,,,
2025-11-10T09:33:23.483442Z,0.00022399130138242544,0.0003359869520736381,0.0005599782534560636,0.0019070427449841014,0.0024240927481037713,,,,,
2025-11-10T09:33:24.483465Z,0.0002359977152526615,0.00035399657287899227,0.0005899942881316538,0.0018995861640169784,0.002378544259719714,,,,,
2025-11-10T09:33:25.483491Z,0.00025598377130570365,0.00038397565695855537,0.0006399594282642591,0.0020339968088951745,0.0025376403345763097,,,,,
2025-11-10T09:33:26.483517Z,0.0002469294465344743,0.00037039416980171134,0.0006173236163361857,0.0019543835452400598,0.0024356112220875682,,,,,
2025-11-10T09:33:27.483541Z,0.00024134698409086926,0.0003620204761363039,0.0006033674602271732,0.0019257498596154177,0.002405428219930235,,,,,
2025-11-10T09:33:28.483567Z,0.0002385755941534656,0.00035786339123019834,0.000596438985383664,0.0019124944972547598,0.002391979531977912,,,,,
2025-11-10T09:33:29.483591Z,0.00022399470157567644,0.00033599205236351464,0.0005599867539391911,0.0018175729448205809,0.0022809315473010356,,,,,
2025-11-10T09:33:30.483615Z,0.00022266069940965924,0.00033399104911448885,0.0005566517485241481,0.0018819524851149032,0.0023876740178367995,,,,,
2025-11-10T09:33:31.483638Z,0.0002460709161947394,0.00036910637429210915,0.0006151772904868486,0.0021123823016813738,0.0026908131173449283,,,,,
2025-11-10T09:33:32.483662Z,0.00025011916180499045,0.0003751787427074857,0.0006252979045124761,0.0021478960938573163,0.002736300097117733,,,,,
2025-11-10T09:33:33.483689Z,0.0002334310684839235,0.0003501466027258852,0.0005835776712098087,0.0020419244805136034,0.00261347217706678,,,,,
2025-11-10T09:33:34.483712Z,0.00022527405992730146,0.00033791108989095214,0.0005631851498182536,0.00196498579544613,0.002513209904917364,,,,,
2025-11-10T09:33:35.483735Z,0.0002066095843814944,0.0003099143765722416,0.000516523960953736,0.0018221203516771967,0.0023368857264153306,,,,,
2025-11-10T09:33:36.483763Z,0.00018338949422076094,0.00027508424133114136,0.0004584737355519023,0.0016488361971978178,0.002124647331698378,,,,,
2025-11-10T09:33:37.483786Z,0.00015644395825147725,0.00023466593737721586,0.0003911098956286931,0.0013919874199410578,0.0017891367888015564,,,,,
2025-11-10T09:33:38.483809Z,0.00012249636057903819,0.00018374454086855728,0.0003062409014475955,0.0011163746179715832,0.0014432095791332262,,,,,
2025-11-10T09:33:39.483832Z,0.00010618142179767253,0.00015927213269650877,0.00026545355449418133,0.0009819111046327387,0.0012737497863788989,,,,,
2025-11-10T09:33:40.483857Z,0.00010543620571095146,0.0001581543085664272,0.0002635905142773786,0.0009551782105522721,0.0012330637608929714,,,,,
2025-11-10T09:33:41.483880Z,0.00010427727626998144,0.00015641591440497212,0.0002606931906749536,0.0009326853816177075,0.0012003202370323843,,,,,
2025-11-10T09:33:42.483903Z,0.00010622046765836957,0.00015933070148755436,0.00026555116914592393,0.000959005758135226,0.0012369919035729266,,,,,
2025-11-10T09:33:43.483927Z,0.00011084740459174055,0.0001662711068876108,0.00027711851147935136,0.0010301502730377578,0.0013378677040035392,,,,,
2025-11-10T09:33:44.483950Z,0.0001062302337208121,0.00015934535058121814,0.00026557558430203025,0.0009798717253131591,0.0012703501060827807,,,,,
2025-11-10T09:33:45.483974Z,0.00010482634518710083,0.00015723951778065122,0.0002620658629677521,0.0009926877079186067,0.0012947865661458887,,,,,
2025-11-10T09:33:46.483999Z,9.468227292128931e-05,0.00014202340938193397,0.00023670568230322326,0.000860669999835832,0.0011119616355577213,,,,,
2025-11-10T09:33:47.484022Z,0.00011276430367095024,0.00016914645550642534,0.0002819107591773756,0.0009752409738168882,0.0012446455078283605,,,,,
2025-11-10T09:33:48.484046Z,0.00011705933866640836,0.00017558900799961253,0.0002926483466660209,0.0010395720980515006,0.0013355492086164578,,,,,
2025-11-10T09:33:49.484071Z,0.00011712205561260974,0.0001756830834189146,0.00029280513903152434,0.0010337682606354841,0.0013260874613014672,,,,,
2025-11-10T09:33:50.484095Z,0.0001566069160391528,0.00023491037405872913,0.0003915172900978819,0.0013323329941207168,0.0016932334256835192,,,,,
2025-11-10T09:33:51.484118Z,0.00018515573076789745,0.0002777335961518461,0.0004628893269197436,0.0015906443816579333,0.0020265949645025807,,,,,
2025-11-10T09:33:52.484143Z,0.00022137469997294745,0.00033206204995942114,0.0005534367499323686,0.0018931198692536593,0.0024091426308816026,,,,,
2025-11-10T09:33:53.484167Z,0.0002499239099825017,0.00037488586497375255,0.0006248097749562543,0.002132087460784037,0.0027115529893034554,,,,,
2025-11-10T09:33:54.484190Z,0.00023083045542425626,0.0003462456831363844,0.0005770761385606407,0.0020612703838717833,0.0026517073390069355,,,,,
2025-11-10T09:33:55.484213Z,0.00022910233591225677,0.00034365350386838514,0.0005727558397806419,0.002082764561920398,0.002690936758518318,,,,,
2025-11-10T09:33:56.484237Z,0.00023640528260672174,0.00035460792391008256,0.0005910132065168044,0.0021225501454866197,0.0027341454414797715,,,,,
2025-11-10T09:33:57.484262Z,0.00024269072292467783,0.0003640360843870167,0.0006067268073116945,0.002153603619063734,0.0027662317663128765,,,,,
2025-11-10T09:33:58.484285Z,0.00026067741417431904,0.0003910161212614785,0.0006516935354357975,0.0022631375726217292,0.002891123356506674,,,,,
2025-11-10T09:33:59.484309Z,0.0002670192821649969,0.00040052892324749537,0.0006675482054124923,0.0023088025304757714,0.0029464300586992433,,,,,
2025-11-10T09:34:00.484332Z,0.00026228787170909525,0.0003934318075636428,0.0006557196792727381,0.0022682414162461494,0.002894780225208373,,,,,
2025-11-10T09:34:01.484359Z,0.00025557543439200736,0.000383363151588011,0.0006389385859800183,0.0021891661708990703,0.0027870546571408922,,,,,
2025-11-10T09:34:02.484383Z,0.0002321165145212448,0.0003481747717818672,0.0005802912863031119,0.001977091026174331,0.0025134194012194446,,,,,
2025-11-10T09:34:03.484409Z,0.00023126008979682872,0.000346890134695243,0.0005781502244920718,0.0019402999240180682,0.002456951626997789,,,,,
2025-11-10T09:34:04.484435Z,0.00021425588784881145,0.00032138383177321715,0.0005356397196220286,0.0018047707872048512,0.0022877167735510903,,,,,
2025-11-10T09:34:05.484458Z,0.00018025071595716187,0.0002703760739357428,0.00045062678989290464,0.0015753590095747088,0.002015872410639481,,,,,
2025-11-10T09:34:06.484481Z,0.00017912535671428398,0.00026868803507142596,0.0004478133917857099,0.0015701127750879134,0.0020106294413406666,,,,,
2025-11-10T09:34:07.484505Z,0.00015449799782613942,0.00023174699673920911,0.00038624499456534853,0.0013937655403009589,0.0017974304705683439,,,,,
2025-11-10T09:34:08.484528Z,0.00017218239740854092,0.0002582735961128113,0.0004304559935213522,0.0015424591252696962,0.0019858238876876,,,,,
2025-11-10T09:34:09.484551Z,0.00019498470045770322,0.0002924770506865548,0.00048746175114425797,0.0017209844842280965,0.0022076180134833856,,,,,
2025-11-10T09:34:10.484575Z,0.00021164060747993688,0.0003174609112199053,0.0005291015186998422,0.0017031391013631306,0.0021324288612371853,,,,,
2025-11-10T09:34:11.484598Z,0.00027093523224333105,0.00040640284836499657,0.0006773380806083276,0.0020678782650248744,0.0025499865737584715,,,,,
2025-11-10T09:34:12.484624Z,0.00027130770961154827,0.0004069615644173224,0.0006782692740288707,0.002015045399559459,0.0024644110523827996,,,,,
2025-11-10T09:34:13.484648Z,0.0002253947820374265,0.0003380921730561397,0.0005634869550935662,0.0017525040305837155,0.0021729010592291507,,,,,
2025-11-10T09:34:14.484674Z,0.0002409098060502294,0.00036136470907534405,0.0006022745151255735,0.0018839113179574987,0.0023397106517913553,,,,,
2025-11-10T09:34:15.484700Z,0.00025396058306285994,0.0003809408745942899,0.0006349014576571499,0.0021392691220237336,0.002711740962661966,,,,,
2025-11-10T09:34:16.484726Z,0.0002443696329554902,0.00036655444943323526,0.0006109240823887254,0.0020361341567299695,0.0025735796784925793,,,,,
2025-11-10T09:34:17.484753Z,0.00023859954465356269,0.000357899316980344,0.0005964988616339067,0.0020303030776008305,0.002580406199131354,,,,,
2025-11-10T09:34:18.484777Z,0.00030211865286008564,0.00045317797929012846,0.000755296632150214,0.002461541524503004,0.003092534211196567,,,,,
2025-11-10T09:34:19.484803Z,0.00029327744249754603,0.000439916163746319,0.000733193606243865,0.0023758840871174612,0.0029802377003948096,,,,,
2025-11-10T09:34:20.484826Z,0.00022930527052411487,0.00034395790578617224,0.0005732631763102871,0.0018706493864795947,0.0023509842608998304,,,,,
2025-11-10T09:34:21.484853Z,0.0002069624933977112,0.00031044374009656686,0.000517406233494278,0.0017625078902019367,0.002240517642809507,,,,,
2025-11-10T09:34:22.484876Z,0.00020957401935536645,0.00031436102903304965,0.0005239350483884161,0.0018456404451608437,0.0023662174580623245,,,,,
2025-11-10T09:34:23.484900Z,0.00021355165292413338,0.00032032747938620003,0.0005338791323103334,0.0019471320629103482,0.002517466672468984,,,,,
2025-11-10T09:34:24.484926Z,0.0002365973299380503,0.00035489599490707544,0.0005914933248451257,0.0020828345669754956,0.0026700627833342525,,,,,
2025-11-10T09:34:25.484952Z,0.00023057812693816004,0.00034586719040724,0.0005764453173454001,0.0020230288925907874,0.002591227472718412,,,,,
2025-11-10T09:34:26.484978Z,0.0002352035987007755,0.0003528053980511632,0.0005880089967519387,0.0020378181087916517,0.0026019388977044718,,,,,
2025-11-10T09:34:27.485004Z,0.00025530776575092933,0.000382961648626394,0.0006382694143773233,0.002169639198210752,0.0027565609730346016,,,,,
2025-11-10T09:34:28.485028Z,0.0002322439747148679,0.0003483659620723018,0.0005806099367871697,0.001986233944472035,0.0025276911819536257,,,,,
2025-11-10T09:34:29.485054Z,0.0002295924273330981,0.00034438864099964713,0.0005739810683327453,0.0019722502537950705,0.0025127416095394386,,,,,
2025-11-10T09:34:30.485080Z,0.00019433296918314817,0.00029149945377472225,0.00048583242295787045,0.0017180721029988746,0.0022047830510853843,,,,,
2025-11-10T09:34:31.485106Z,0.00016048739359852385,0.00024073109039778574,0.00040121848399630956,0.0014494406669550953,0.0018697403650522859,,,,,
2025-11-10T09:34:32.485130Z,0.0001544321690728249,0.00023164825360923728,0.00038608042268206217,0.0013823362415537634,0.0017793279130821121,,,,,
2025-11-10T09:34:33.485156Z,0.0001409029342324055,0.00021135440134860826,0.00035225733558101374,0.0012857417479571955,0.0016626585808807773,,,,,
2025-11-10T09:34:34.485182Z,0.00015334167474829547,0.00023001251212244315,0.0003833541868707386,0.0013928151213668267,0.0017991475048916958,,,,,
2025-11-10T09:34:35.485207Z,0.00016744623588754062,0.00025116935383131096,0.00041861558971885155,0.0014727504927105426,0.0018875513278517545,,,,,
2025-11-10T09:34:36.485233Z,0.00017689824527576756,0.0002653473679136513,0.00044224561318941886,0.0015235022539974276,0.0019422885196237352,,,,,
2025-11-10T09:34:37.485259Z,0.00018913567827907922,0.0002837035174186188,0.00047283919569769803,0.001554817887610009,0.0019581287209945925,,,,,
2025-11-10T09:34:38.485285Z,0.00021968579849655163,0.0003295286977448274,0.000549214496241379,0.0017256704781952257,0.0021459525293220172,,,,,
2025-11-10T09:34:39.485311Z,0.00021915024503922395,0.0003287253675588359,0.0005478756125980598,0.0017045778695821952,0.002113703905221685,,,,,
2025-11-10T09:34:40.485334Z,0.00020600838006711058,0.00030901257010066584,0.0005150209501677764,0.0016188859860970597,0.0020133941135673863,,,,,
2025-11-10T09:34:41.485360Z,0.0001818504454565925,0.0002727756681848887,0.00045462611364148123,0.0015078576999982677,0.0019033910727187693,,,,,
2025-11-10T09:34:42.485386Z,0.0002021308936070152,0.00030319634041052273,0.000505327234017538,0.001592910397717141,0.001982690134247783,,,,,
2025-11-10T09:34:43.485414Z,0.00022728658995985055,0.0003409298849397757,0.0005682164748996263,0.0017728317315724336,0.0022001283186283125,,,,,
2025-11-10T09:34:44.485440Z,0.00027121120935612666,0.00040681681403419,0.0006780280233903167,0.0020792347459294308,0.002567384207289934,,,,,
2025-11-10T09:34:45.485464Z,0.00023247801168257566,0.0003487170175238635,0.0005811950292064391,0.0018364005285762815,0.002287302413010839,,,,,
2025-11-10T09:34:46.485487Z,0.00018060326765314614,0.0002709049014797192,0.0004515081691328653,0.0015691268504473379,0.0020049138112869314,,,,,
2025-11-10T09:34:47.485511Z,0.00018462783362085968,0.0002769417504312895,0.00046156958405214914,0.0016564679869361955,0.002133390844959506,,,,,
2025-11-10T09:34:48.485536Z,0.0001476940408756812,0.00022154106131352182,0.000369235102189203,0.001442288888489808,0.0018941189071317857,,,,,
2025-11-10T09:34:49.485562Z,0.00013260562733731417,0.00019890844100597127,0.00033151406834328544,0.001291091007637657,0.0016944498556757716,,,,,
2025-11-10T09:34:50.485587Z,0.00012095653268501521,0.0001814347990275228,0.00030239133171253797,0.0012046144723434485,0.001588704864231475,,,,,
2025-11-10T09:34:51.485612Z,0.00013553146971712266,0.000203297204575684,0.00033882867429280665,0.0013092591410085886,0.0017153265104057984,,,,,
2025-11-10T09:34:52.485636Z,0.00018278934649242185,0.00027418401973863273,0.0004569733662310546,0.0016156832452756426,0.0020732830222622476,,,,,
2025-11-10T09:34:53.485662Z,0.00023550429799025756,0.0003532564469853863,0.0005887607449756439,0.001999942132469782,0.0025404953775789306,,,,,
2025-11-10T09:34:54.485685Z,0.000244753824051333,0.00036713073607699945,0.0006118845601283324,0.0021173429181104105,0.0027024379616329246,,,,,
2025-11-10T09:34:55.485711Z,0.0002541114688745985,0.0003811672033118977,0.0006352786721864961,0.0021753991417214937,0.0027691265139055143,,,,,
2025-11-10T09:34:56.485735Z,0.0002405244872803583,0.0003607867309205374,0.0006013112182008957,0.002047178895378158,0.0026020176682200495,,,,,
2025-11-10T09:34:57.485758Z,0.00019691634789297362,0.00029537452183946036,0.000492290869732434,0.001729053090244407,0.0022151191702907253,,,,,
2025-11-10T09:34:58.485781Z,0.0001723392547093984,0.0002585088820640976,0.000430848136773496,0.001410533707553586,0.0017743040188994222,,,,,
2025-11-10T09:34:59.485805Z,0.00014482902479499252,0.00021724353719248875,0.0003620725619874813,0.0011954835174811601,0.0015072523585438773,,,,,
2025-11-10T09:35:00.485828Z,0.00012507011836663276,0.0001876051775499491,0.00031267529591658187,0.0011377683613820802,0.0014702330467847569,,,,,
2025-11-10T09:35:01.485854Z,0.0001272222561197872,0.00019083338417968078,0.000318055640299468,0.00119734270636018,0.0015595260130408838,,,,,
2025-11-10T09:35:02.485877Z,0.00014616969770290606,0.00021925454655435906,0.0003654242442572651,0.0013618425634821562,0.001769672948003313,,,,,
2025-11-10T09:35:03.485903Z,0.00017197550771569112,0.00025796326157353664,0.0004299387692892278,0.0015496222627021073,0.0019978641987194365,,,,,
2025-11-10T09:35:04.485926Z,0.00015311527466194737,0.00022967291199292106,0.00038278818665486844,0.0013977689983629676,0.0018077076283272956,,,,,
2025-11-10T09:35:05.485949Z,0.00015775068669391694,0.0002366260300408754,0.00039437671673479233,0.001449128649720532,0.001876903916809884,,,,,
2025-11-10T09:35:06.485975Z,0.00014711202713606162,0.00022066804070409245,0.0003677800678401541,0.0013964294385771785,0.0018223734257425133,,,,,
2025-11-10T09:35:07.485998Z,0.00015006219662787518,0.00022509329494181278,0.00037515549156968796,0.0013996685259302594,0.0018192954909303646,,,,,
2025-11-10T09:35:08.486022Z,0.0001437449152811152,0.00021561737292167277,0.000359362288202788,0.001333121994762133,0.0017305094288322903,,,,,
2025-11-10T09:35:09.486048Z,0.00017496589778770606,0.00026244884668155904,0.0004374147444692651,0.0015548627018719412,0.001997875809189529,,,,,
2025-11-10T09:35:10.486071Z,0.00017592357197811199,0.00026388535796716795,0.00043980892994527994,0.001577777746787752,0.0020318583933216896,,,,,
2025-11-10T09:35:11.486094Z,0.00017131142068004164,0.0002569671310200624,0.00042827855170010404,0.0015676584132707338,0.002028581483329058,,,,,
2025-11-10T09:35:12.486117Z,0.00016041235443841083,0.00024061853165761619,0.000401030886096027,0.0015176503154751908,0.001979085912332755,,,,,
2025-11-10T09:35:13.486143Z,0.0001619152783628975,0.0002428729175443462,0.0004047881959072437,0.001553371302923702,0.0020320313052618107,,,,,
2025-11-10T09:35:14.486167Z,0.00017866305083222164,0.00026799457624833244,0.0004466576270805541,0.0016627035723727358,0.002160069173466157,,,,,
2025-11-10T09:35:15.486190Z,0.0001766203893126912,0.0002649305839690368,0.00044155097328172797,0.001644070824427723,0.0021359762290088214,,,,,
2025-11-10T09:35:16.486213Z,0.00016164716497273603,0.00024247074745910403,0.00040411791243184005,0.0015031366296384538,0.0019524065454978655,,,,,
2025-11-10T09:35:17.486236Z,0.00015121698228928748,0.00022682547343393116,0.00037804245572321864,0.0013888821688321411,0.001798803919721421,,,,,
2025-11-10T09:35:18.486260Z,0.00012389611799007048,0.0001858441769851057,0.0003097402949751762,0.0011695682847776324,0.001524400125272015,,,,,
2025-11-10T09:35:19.486283Z,0.00015500816518653285,0.00023251224777979927,0.0003875204129663321,0.001406842706380626,0.0018169254676867097,,,,,
2025-11-10T09:35:20.486307Z,0.00019113738234602802,0.000286706073519042,0.00047784345586507007,0.0017469745226302842,0.002259974565639576,,,,,
2025-11-10T09:35:21.486330Z,0.0001992696483420885,0.0002989044725131327,0.0004981741208552212,0.0018019149129413093,0.0023251088453482473,,,,,
2025-11-10T09:35:22.486354Z,0.0002008755184197543,0.0003013132776296314,0.0005021887960493857,0.0018269407151832843,0.0023606536927179432,,,,,
2025-11-10T09:35:23.486380Z,0.00018953127075253888,0.0002842969061288083,0.00047382817688134717,0.001727382770901698,0.0022331248753356073,,,,,
2025-11-10T09:35:24.486406Z,0.00020305518167213326,0.0003045827725081999,0.0005076379541803331,0.001774149077046656,0.002270084014592677,,,,,
2025-11-10T09:35:25.486432Z,0.0002264273978826244,0.00033964109682393663,0.0005660684947065611,0.001989026432560856,0.0025484455780260215,,,,,
2025-11-10T09:35:26.486456Z,0.00022140977280365754,0.00033211465920548626,0.0005535244320091439,0.001998341730704597,0.0025773994052771137,,,,,
2025-11-10T09:35:27.486482Z,0.00020371546200483634,0.00030557319300725445,0.0005092886550120908,0.001876513839842061,0.0024320188501337557,,,,,
2025-11-10T09:35:28.486505Z,0.00021153094862580787,0.00031729642293871173,0.0005288273715645195,0.001927621120393547,0.002491907136477414,,,,,
2025-11-10T09:35:29.486531Z,0.00019474973520481128,0.0002921246028072169,0.0004868743380120282,0.001806124839442083,0.0023445004845338607,,,,,
2025-11-10T09:35:30.486555Z,0.00020612844196642838,0.0003091926629496426,0.000515321104916071,0.0018430197798745605,0.0023716720102932975,,,,,
2025-11-10T09:35:31.486580Z,0.0002059201443162652,0.0003088802164743978,0.0005148003607906629,0.0018174229548093134,0.002331300323609359,,,,,
2025-11-10T09:35:32.486605Z,0.00019761175408020593,0.00029641763112030884,0.0004940293852005148,0.0017343412080859785,0.0022216330215129895,,,,,
2025-11-10T09:35:33.486631Z,0.0002516290505016877,0.00037744357575253146,0.0006290726262542191,0.0020718227264985714,0.002610355020992989,,,,,
2025-11-10T09:35:34.486654Z,0.0002614399740458042,0.00039215996106870633,0.0006535999351145106,0.0021164080988843193,0.002654221030886659,,,,,
2025-11-10T09:35:35.486678Z,0.00022200267652340273,0.00033300401478510405,0.0005550066913085068,0.001911019658326351,0.0024360239590566343,,,,,
2025-11-10T09:35:36.486704Z,0.00025059724579684525,0.00037589586869526785,0.000626493114492113,0.002165345792018054,0.00276288097899772,,,,,
2025-11-10T09:35:37.486728Z,0.0002206144478871064,0.0003309216718306595,0.0005515361197177659,0.001959372390249371,0.002517275370315096,,,,,
2025-11-10T09:35:38.486753Z,0.00020376465168629948,0.00030564697752944917,0.0005094116292157486,0.0017989383716500542,0.002307760369918448,,,,,
2025-11-10T09:35:39.486777Z,0.00018905151744917281,0.0002835772761737592,0.00047262879362293197,0.0016857687160045463,0.0021678856967495904,,,,,
2025-11-10T09:35:40.486801Z,0.00018148605793198917,0.00027222908689798373,0.00045371514482997287,0.0015376879509806246,0.0019521397593594296,,,,,
2025-11-10T09:35:41.486829Z,0.00020874578363417056,0.00031311867545125583,0.0005218644590854264,0.0017212962600018553,0.002169585821827291,,,,,
2025-11-10T09:35:42.486855Z,0.0002333216088450658,0.0003499824132675987,0.0005833040221126645,0.001876016330977252,0.002348325624797419,,,,,
2025-11-10T09:35:43.486882Z,0.00026541024344120333,0.0003981153651618049,0.0006635256086030083,0.0020196167170882127,0.0024882380657057705,,,,,
2025-11-10T09:35:44.486906Z,0.00026809390811639654,0.0004021408621745948,0.0006702347702909913,0.002013133231593818,0.0024703502278241984,,,,,
2025-11-10T09:35:45.486968Z,0.00026242986699754234,0.0003936448004963135,0.0006560746674938558,0.0019965312663866946,0.0024596463986255933,,,,,
2025-11-10T09:35:46.487099Z,0.0002436972594106337,0.0003655458891159505,0.0006092431485265842,0.0018957246266525403,0.0023508070762942902,,,,,
2025-11-10T09:35:47.487146Z,0.0001989785921283638,0.0002984678881925457,0.0004974464803209095,0.0016301750374298452,0.002051140001928334,,,,,
2025-11-10T09:35:48.487172Z,0.00015500906790931728,0.00023251360186397592,0.0003875226697732932,0.001379833865615193,0.0017737087948382206,,,,,
2025-11-10T09:35:49.487201Z,0.00015008318233866036,0.00022512477350799048,0.00037520795584665087,0.0013732607687903641,0.0017769843195163339,,,,,
2025-11-10T09:35:50.487227Z,0.00015358103171854431,0.00023037154757781642,0.00038395257929636073,0.00139028451162277,0.0017944283297845083,,,,,
2025-11-10T09:35:51.487253Z,0.0001420470775010569,0.00021307061625158532,0.0003551176937526422,0.0012879390113452595,0.001662970601149456,,,,,
2025-11-10T09:35:52.487277Z,0.00012468973799944808,0.0001870346069991721,0.00031172434499862015,0.001155522914000467,0.001499705396002293,,,,,
2025-11-10T09:35:53.487301Z,9.267133110235037e-05,0.00013900699665352553,0.0002316783277558759,0.0008618992582980111,0.0011195590861902368,,,,,
2025-11-10T09:35:54.487325Z,5.911459402535515e-05,8.867189103803272e-05,0.00014778648506338788,0.0005969030358246995,0.0007895239940485249,,,,,
2025-11-10T09:35:55.487349Z,6.029078008149969e-05,9.043617012224953e-05,0.00015072695020374921,0.0005824797245464234,0.0007631533750460783,,,,,
2025-11-10T09:35:56.487373Z,6.839458035145387e-05,0.0001025918705271808,0.00017098645087863467,0.0006255103550872314,0.0008093117431554994,,,,,
2025-11-10T09:35:57.487397Z,0.00011479891759203757,0.00017219837638805634,0.0002869972939800939,0.0010393293774221223,0.0013414900346176905,,,,,
2025-11-10T09:35:58.487422Z,0.000157563320669134,0.000236344981003701,0.000393908301672835,0.0014550214209722713,0.001886856975682059,,,,,
2025-11-10T09:35:59.487446Z,0.00013809934319392812,0.00020714901479089215,0.00034524835798482027,0.0012681140172974455,0.0016423042667329142,,,,,
2025-11-10T09:36:00.487469Z,0.00013233129424207324,0.00019849694136310982,0.00033082823560518307,0.0012044635202567075,0.0015566140085329268,,,,,
2025-11-10T09:36:01.487492Z,0.00014295957400255047,0.00021443936100382568,0.0003573989350063761,0.0012672503604593804,0.0016273137695278674,,,,,
2025-11-10T09:36:02.487516Z,0.00015551945045207447,0.00023327917567811165,0.0003887986261301861,0.0014352385419251674,0.0018609272058144597,,,,,
2025-11-10T09:36:03.487540Z,0.00015641375790087408,0.00023462063685131108,0.00039103439475218516,0.0013921214356223369,0.001789435774873292,,,,,
2025-11-10T09:36:04.487566Z,0.00016135673731730495,0.0002420351059759574,0.0004033918432932624,0.0014226542991930494,0.0018244480142204258,,,,,
2025-11-10T09:36:05.487590Z,0.00016878199905614498,0.00025317299858421745,0.0004219549976403624,0.0014940013854140308,0.0019178126193052434,,,,,
2025-11-10T09:36:06.487614Z,0.00015779604262129818,0.00023669406393194724,0.0003944901065532454,0.0014381987331665937,0.0018592890537269151,,,,,
2025-11-10T09:36:07.487637Z,0.00017222436560941984,0.0002583365484141297,0.0004305609140235496,0.00154754976756126,0.001993851404391641,,,,,
2025-11-10T09:36:08.487661Z,0.00016469434561268515,0.0002470415184190277,0.00041173586403171286,0.0014663020921738814,0.0018849391797626923,,,,,
2025-11-10T09:36:09.487684Z,0.00016099119803444814,0.00024148679705167223,0.00040247799508612037,0.0014356739862785438,0.0018463030235492156,,,,,
2025-11-10T09:36:10.487708Z,0.00015640146716343464,0.00023460220074515196,0.00039100366790858663,0.0014075002970155555,0.0018140763671672718,,,,,
2025-11-10T09:36:11.487764Z,0.00015110707848130676,0.00022666061772196017,0.0003777676962032669,0.0014287363182081247,0.0018628782893853409,,,,,
2025-11-10T09:36:12.487790Z,0.0001531513405010983,0.0002297270107516474,0.00038287835125274566,0.0014542569426529166,0.0018979873548415915,,,,,
2025-11-10T09:36:13.487818Z,0.00014442504797296544,0.00021663757195944814,0.00036106261993241356,0.0013499314978690296,0.0017555002622661442,,,,,
2025-11-10T09:36:14.487842Z,0.00013705818900720533,0.00020558728351080798,0.0003426454725180133,0.0012642776862246726,0.0016390813687393014,,,,,
2025-11-10T09:36:15.487866Z,0.00011471604872071833,0.0001720740730810775,0.00028679012180179585,0.0010908394972363152,0.0014241382591600928,,,,,
2025-11-10T09:36:16.487891Z,0.00013245120322107382,0.0001986768048316107,0.00033112800805268453,0.001215421674197553,0.0015738113096970784,,,,,
2025-11-10T09:36:17.487917Z,0.00017115173305257375,0.00025672759957886057,0.0004278793326314343,0.00147828776434013,0.0018860355703970014,,,,,
2025-11-10T09:36:18.487942Z,0.00019163007859739704,0.00028744511789609555,0.0004790751964934926,0.001645196087340664,0.002095749519672351,,,,,
2025-11-10T09:36:19.487966Z,0.0001967941174243839,0.00029519117613657585,0.0004919852935609597,0.0017152853621793674,0.0021934330506987133,,,,,
2025-11-10T09:36:20.487990Z,0.00019812693998173646,0.00029719040997260466,0.0004953173499543411,0.0017301079738616073,0.00221341732622971,,,,,
2025-11-10T09:36:21.488016Z,0.00021004162279044444,0.00031506243418566665,0.0005251040569761111,0.0018340578576388547,0.0023463760284089235,,,,,
2025-11-10T09:36:22.488041Z,0.0002229907294540681,0.00033448609418110204,0.0005574768236351702,0.0019625328443080964,0.0025156785084215635,,,,,
2025-11-10T09:36:23.488065Z,0.00023522321178789346,0.0003528348176818402,0.0005880580294697336,0.0020463972823333205,0.002615610658727211,,,,,
2025-11-10T09:36:24.488093Z,0.0002348659965545863,0.0003522989948318795,0.0005871649913864658,0.0020690068490691956,0.002652786168157871,,,,,
2025-11-10T09:36:25.488117Z,0.00017525428678714342,0.00026288143018071507,0.0004381357169678585,0.0016338236804108784,0.0021234058856534044,,,,,
2025-11-10T09:36:26.488140Z,0.0001655679764746033,0.00024835196471190493,0.00041391994118650824,0.0015618444045214896,0.002035360713105494,,,,,
2025-11-10T09:36:27.488164Z,0.00021198767005470377,0.0003179815050820556,0.0005299691751367594,0.0018962673561075582,0.0024404622936189226,,,,,
2025-11-10T09:36:28.488190Z,0.0002451568026361921,0.00036773520395428814,0.0006128920065904802,0.002174631936230914,0.002792972050588125,,,,,
2025-11-10T09:36:29.488216Z,0.0002573565959237673,0.0003860348938856509,0.0006433914898094182,0.0022749471111414275,0.002919316909239736,,,,,
2025-11-10T09:36:30.488240Z,0.00023247210125602855,0.0003487081518840428,0.0005811802531400713,0.0021043589912448975,0.0027160525024749567,,,,,
2025-11-10T09:36:31.488266Z,0.00025979187032632706,0.00038968780548949064,0.0006494796758158177,0.0023014280328007997,0.002954867615567564,,,,,
2025-11-10T09:36:32.488291Z,0.00023951442788068195,0.00035927164182102285,0.0005987860697017048,0.0021312750994855766,0.0027393997611110136,,,,,
2025-11-10T09:36:33.488315Z,0.00022324014640935403,0.00033486021961403104,0.0005581003660233851,0.001979945260730547,0.0025428400072226836,,,,,
2025-11-10T09:36:34.488342Z,0.0002199493928605098,0.00032992408929076466,0.0005498734821512744,0.0018856332060411065,0.0024011548296563436,,,,,
2025-11-10T09:36:35.488368Z,0.0002343253747861116,0.0003514880621791673,0.0005858134369652789,0.00196588545210406,0.0024893056739653833,,,,,
2025-11-10T09:36:36.488392Z,0.00023777378455503833,0.00035666067683255747,0.0005944344613875958,0.0019645175669149675,0.0024774615103098406,,,,,
2025-11-10T09:36:37.488417Z,0.00022073855703585806,0.00033110783555378705,0.0005518463925896452,0.00185569468250812,0.0023510435323125895,,,,,
2025-11-10T09:36:38.488441Z,0.00019075004269488813,0.0002861250640423321,0.0004768751067372203,0.001643525348488941,0.002095540438036619,,,,,
2025-11-10T09:36:39.488465Z,0.00017043026841470974,0.0002556454026220646,0.0004260756710367743,0.0014840263113413991,0.001897237346585051,,,,,
2025-11-10T09:36:40.488489Z,0.00019353844769956537,0.00029030767154934804,0.00048384611924891344,0.0015930043904080595,0.002006899371094112,,,,,
2025-11-10T09:36:41.488513Z,0.000217294779044637,0.0003259421685669555,0.0005432369476115925,0.0016908421100391526,0.002096921994737661,,,,,
2025-11-10T09:36:42.488539Z,0.000244390625850157,0.0003665859387752355,0.0006109765646253925,0.0017733610088960206,0.0021530838618531935,,,,,
2025-11-10T09:36:43.488563Z,0.0002506874958363411,0.00037603124375451156,0.0006267187395908526,0.0017228159650615575,0.0020545805557567374,,,,,
2025-11-10T09:36:44.488586Z,0.00022695354343825876,0.0003404303151573881,0.0005673838585956468,0.0016494146940137808,0.002003593588794925,,,,,
2025-11-10T09:36:45.488613Z,0.00020883950272351966,0.0003132592540852795,0.0005220987568087991,0.0016209234976954836,0.002008726988686919,,,,,
2025-11-10T09:36:46.488636Z,0.00020615170534463842,0.0003092275580169576,0.000515379263361596,0.0016376100954776137,0.0020429513777991946,,,,,
2025-11-10T09:36:47.488663Z,0.00019270213566673203,0.000289053203500098,0.00048175533916683,0.0015871889621281497,0.0019999363595381904,,,,,
2025-11-10T09:36:48.488687Z,0.00018260952408138747,0.00027391428612208115,0.0004565238102034686,0.0015267246334695948,0.001931452746123467,,,,,
2025-11-10T09:36:49.488713Z,0.00016496332775523025,0.00024744499163284543,0.0004124083193880757,0.0013971537226686516,0.0017735486385551979,,,,,
2025-11-10T09:36:50.488737Z,0.00014772437884271462,0.0002215865682640719,0.0003693109471067865,0.001298708987133088,0.0016643061186533395,,,,,
2025-11-10T09:36:51.488761Z,0.00014961236818532666,0.00022441855227798993,0.0003740309204633166,0.0013239372269201078,0.001699384932153258,,,,,
2025-11-10T09:36:52.488785Z,0.00015203317187335668,0.00022804975781003502,0.0003800829296833917,0.0013713357776456215,0.0017684443629875958,,,,,
2025-11-10T09:36:53.488809Z,0.0001962296000188038,0.0002943444000282057,0.0004905740000470095,0.0017245668769071659,0.0022098641229988144,,,,,
2025-11-10T09:36:54.488833Z,0.0002164430695953069,0.00032466460439296033,0.0005411076739882672,0.0018997166334193559,0.00243350601860411,,,,,
2025-11-10T09:36:55.488858Z,0.0002207807885232413,0.0003311711827848619,0.0005519519713081032,0.001925458563557257,0.002462547493826536,,,,,
2025-11-10T09:36:56.488884Z,0.0002261255756222013,0.00033918836343330193,0.0005653139390555033,0.0019562041283196756,0.0024967749935693173,,,,,
2025-11-10T09:36:57.488911Z,0.0002258548925253284,0.0003387823387879926,0.000564637231313321,0.0019385997063247212,0.0024693658310486347,,,,,
2025-11-10T09:36:58.488935Z,0.0002300250588211318,0.00034503758823169764,0.0005750626470528295,0.0019947295656128883,0.0025474971402814524,,,,,
2025-11-10T09:36:59.488959Z,0.00018225811826264618,0.00027338717739396924,0.0004556452956566154,0.001540083899931607,0.0019538115087551623,,,,,
2025-11-10T09:37:00.488982Z,0.000183024963024503,0.0002745374445367545,0.00045756240756125754,0.0015082542620561898,0.0019007369228212952,,,,,
2025-11-10T09:37:01.489009Z,0.00019748647383593693,0.00029622971075390534,0.0004937161845898423,0.0016712825990618995,0.002121090031758416,,,,,
2025-11-10T09:37:02.489035Z,0.00019440092364507843,0.00029160138546761757,0.000486002309112696,0.001640559218454164,0.0020805721633204433,,,,,
2025-11-10T09:37:03.489059Z,0.00017633109451694955,0.00026449664177542433,0.0004408277362923739,0.0015344690738702735,0.0019614234535449784,,,,,
2025-11-10T09:37:04.489083Z,0.00021171829207158806,0.000317577438107382,0.0005292957301789701,0.0018238068297855795,0.002325279709856481,,,,,
2025-11-10T09:37:05.489106Z,0.0001862824539230388,0.0002794236808845582,0.000465706134807597,0.001629544846680506,0.002085680883704301,,,,,
2025-11-10T09:37:06.489133Z,0.00021451072064543276,0.00032176608096814915,0.0005362768016135819,0.0017738290056077107,0.0022374963911651257,,,,,
2025-11-10T09:37:07.489156Z,0.00024193049809220527,0.0003628957471383079,0.0006048262452305131,0.0019127972708450573,0.002383070238693917,,,,,
2025-11-10T09:37:08.489180Z,0.000254458286082651,0.00038168742912397655,0.0006361457152066276,0.0019920968348531407,0.002474871734733602,,,,,
2025-11-10T09:37:09.489209Z,0.0002631938687612525,0.0003947908031418787,0.0006579846719031311,0.002040315572586632,0.0025275620836071044,,,,,
2025-11-10T09:37:10.489233Z,0.00024038833740285125,0.00036058250610427684,0.0006009708435071281,0.0018675498683514338,0.002314992444634311,,,,,
2025-11-10T09:37:11.489259Z,0.00020925322470974426,0.0003138798370646164,0.0005231330617743606,0.0017335007329379085,0.00218769214351337,,,,,
2025-11-10T09:37:12.489283Z,0.00020557244692371855,0.0003083586703855778,0.0005139311173092963,0.0017311171602953151,0.002194184605086093,,,,,
2025-11-10T09:37:13.489307Z,0.00018639974482723,0.00027959961724084503,0.000465999362068075,0.0016560302159154211,0.00212772905994843,,,,,
2025-11-10T09:37:14.489330Z,0.0001605351625541934,0.00024080274383129008,0.00040133790638548347,0.0015091521701464515,0.001965145017082581,,,,,
2025-11-10T09:37:15.489354Z,0.00015457479866353728,0.00023186219799530588,0.00038643699665884317,0.0015063855549770071,0.0019774074517053073,,,,,
2025-11-10T09:37:16.489380Z,0.00016766629556046525,0.0002514994433406979,0.0004191657389011631,0.0015596027499103753,0.002025898772287298,,,,,
2025-11-10T09:37:17.489403Z,0.00016771142370357802,0.000251567135555367,0.000419278559258945,0.0014978872568662033,0.0019270276246159067,,,,,
2025-11-10T09:37:18.489430Z,0.00017686908047185454,0.0002653036207077818,0.00044217270117963633,0.0015818038549853537,0.002035652742655373,,,,,
2025-11-10T09:37:19.489457Z,0.0001764217093344125,0.00026463256400161873,0.00044105427333603124,0.001555608169024728,0.0019949922843032096,,,,,
2025-11-10T09:37:20.489481Z,0.00016316378095937757,0.00024474567143906634,0.00040790945239844393,0.0014357787238036034,0.0018403873713995083,,,,,
2025-11-10T09:37:21.489507Z,0.0001499200724429838,0.00022488010866447572,0.00037480018110745954,0.001417121477163629,0.0018476181606214522,,,,,
2025-11-10T09:37:22.489533Z,0.00013194946676742302,0.0001979242001511345,0.0003298736669185575,0.0012646185281198728,0.0016539311380430125,,,,,
2025-11-10T09:37:23.489559Z,0.00015117291248725279,0.00022675936873087912,0.0003779322812181319,0.0014404779202030937,0.0018814805173606422,,,,,
2025-11-10T09:37:24.489582Z,0.00014631807285506334,0.00021947710928259498,0.00036579518213765834,0.0013601273998918692,0.0017665132358328137,,,,,
2025-11-10T09:37:25.489605Z,0.00013808382345735447,0.0002071257351860317,0.00034520955864338613,0.0012495259955360846,0.001612606887177143,,,,,
2025-11-10T09:37:26.489631Z,0.00018825737311341963,0.00028238605967012944,0.00047064343278354904,0.001608173761211722,0.0020459573732211807,,,,,
2025-11-10T09:37:27.489655Z,0.00025196896941618023,0.0003779534541242703,0.0006299224235404505,0.0020518285643401552,0.0025774125885789437,,,,,
2025-11-10T09:37:28.489681Z,0.0002776715043659448,0.00041650725654891714,0.0006941787609148619,0.002203904111690354,0.002748766366479922,,,,,
2025-11-10T09:37:29.489704Z,0.0002783754523898648,0.00041756317858479726,0.0006959386309746621,0.0021976150018239602,0.002736732736226716,,,,,
2025-11-10T09:37:30.489729Z,0.0002809921629968018,0.0004214882444952027,0.0007024804074920046,0.0021996454774642444,0.002732654707551746,,,,,
2025-11-10T09:37:31.489752Z,0.00026675020315792576,0.0004001253047368886,0.0006668755078948144,0.002161727520404831,0.002711863463805538,,,,,
2025-11-10T09:37:32.489780Z,0.0002951800090924411,0.00044277001363866153,0.0007379500227311026,0.0023978126846140877,0.003009996269923706,,,,,
2025-11-10T09:37:33.489805Z,0.0003131879672183166,0.000469781950827475,0.0007829699180457915,0.002495634796969116,0.0031160893669392995,,,,,
2025-11-10T09:37:34.489829Z,0.0002933024253468532,0.00043995363802027976,0.0007332560633671329,0.0023660914093218935,0.002964499463943841,,,,,
2025-11-10T09:37:35.489852Z,0.00020058228120182532,0.0003008734218027379,0.0005014557030045632,0.001718459608213841,0.0021879049857770347,,,,,
2025-11-10T09:37:36.489879Z,0.00015745989634228925,0.00023618984451343386,0.0003936497408557231,0.0013787143184796013,0.0017650551998089526,,,,,
2025-11-10T09:37:37.489904Z,0.00013047431441856619,0.00019571147162784927,0.00032618578604641545,0.0011500217339535208,0.0014747066939536481,,,,,
2025-11-10T09:37:38.489931Z,0.0001347592635837807,0.00020213889537567105,0.0003368981589594517,0.0011510821615829548,0.001464405520498142,,,,,
2025-11-10T09:37:39.489954Z,0.00017030569742772504,0.0002554585461415876,0.00042576424356931264,0.0014020040252534633,0.0017663504876079114,,,,,
2025-11-10T09:37:40.489980Z,0.00021439783783050795,0.0003215967567457618,0.0005359945945762698,0.001715864521835724,0.0021450692890117363,,,,,
2025-11-10T09:37:41.490004Z,0.00022329689208675491,0.0003349453381301323,0.0005582422302168872,0.0018077583990035151,0.0022671821405627107,,,,,
2025-11-10T09:37:42.490030Z,0.00021981062177387362,0.0003297159326608104,0.0005495265544346841,0.0018543448584990296,0.002351482032631601,,,,,
2025-11-10T09:37:43.490054Z,0.00023239099227821277,0.0003485864884173192,0.000580977480695532,0.001910463775764589,0.002406047262844347,,,,,
2025-11-10T09:37:44.490078Z,0.00027400681642868234,0.0004110102246430235,0.0006850170410717058,0.0021818642322526532,0.0027237636856039344,,,,,
2025-11-10T09:37:45.490102Z,0.0002903491572341307,0.00043552373585119605,0.0007258728930853267,0.0022906099438788127,0.002851998269950534,,,,,
2025-11-10T09:37:46.490128Z,0.0003098489362793312,0.00046477340441899675,0.0007746223406983279,0.002377970900071335,0.002937176418532008,,,,,
2025-11-10T09:37:47.490152Z,0.00030625227570619113,0.0004593784135592866,0.0007656306892654778,0.0023810996128639916,0.0029522530086050517,,,,,
2025-11-10T09:37:48.490176Z,0.0003208794711003491,0.00048131920665052364,0.0008021986777508727,0.0025860889090689354,0.003239279735429319,,,,,
2025-11-10T09:37:49.490202Z,0.0003038752839957371,0.0004558129259936056,0.0007596882099893428,0.0024898739904651458,0.003132947589556169,,,,,
2025-11-10T09:37:50.490227Z,0.0002856186182727966,0.0004284279274091948,0.0007140465456819913,0.0023799707845384025,0.003008221124097614,,,,,
2025-11-10T09:37:51.490254Z,0.00027721167727222883,0.0004158175159083432,0.0006930291931805721,0.002329213580769652,0.0029505490328692032,,,,,
2025-11-10T09:37:52.490278Z,0.00026694562705274256,0.0004004184405791138,0.0006673640676318564,0.0022266779309553716,0.0028152369337809163,,,,,
2025-11-10T09:37:53.490301Z,0.0002314146029256837,0.00034712190438852553,0.0005785365073142092,0.001956515720601344,0.0024824642647702363,,,,,
2025-11-10T09:37:54.490327Z,0.0001879522755236292,0.0002819284132854438,0.000469880688809073,0.001655584613018468,0.0021226690093633874,,,,,
2025-11-10T09:37:55.490350Z,0.00015823339694336265,0.000237350095415044,0.0003955834923584067,0.0013780686641248472,0.0017618563511583403,,,,,
2025-11-10T09:37:56.490376Z,0.000116139664803935,0.0001742094972059025,0.0002903491620098375,0.0010846348990120552,0.0014102247769682704,,,,,
2025-11-10T09:37:57.490399Z,0.00014474869932411561,0.00021712304898617338,0.000361871748310289,0.0012816411005719022,0.0016453294028075203,,,,,
2025-11-10T09:37:58.490422Z,0.00017439453521810215,0.0002615918028271532,0.00043598633804525533,0.0015325907778923754,0.001963840546017115,,,,,
2025-11-10T09:37:59.490446Z,0.00019529710441981176,0.00029294565662971763,0.0004882427610495294,0.0017444093731832364,0.002244223104717706,,,,,
2025-11-10T09:38:00.490470Z,0.0002188399015910061,0.00032825985238650916,0.0005470997539775153,0.001901429314038379,0.0024295351780065895,,,,,
2025-11-10T09:38:01.490494Z,0.0002567878057764518,0.0003851817086646777,0.0006419695144411295,0.0021457530104968484,0.0027141989606208924,,,,,
2025-11-10T09:38:02.490518Z,0.00023851900847633115,0.00035777851271449673,0.0005962975211908279,0.0020185431466738734,0.0025618158109444703,,,,,
2025-11-10T09:38:03.490545Z,0.00022493801933750503,0.0003374070290062575,0.0005623450483437625,0.0019203309067144193,0.002442702996598057,,,,,
2025-11-10T09:38:04.490568Z,0.0002009736500431859,0.00030146047506477883,0.0005024341251079647,0.0017480826807326887,0.0022342060690513817,,,,,
2025-11-10T09:38:05.490593Z,0.00022950651047368324,0.00034425976571052485,0.0005737662761842081,0.002020537568060729,0.0025902418795708537,,,,,
2025-11-10T09:38:06.490616Z,0.00022849635768280914,0.00034274453652421364,0.0005712408942070229,0.0019990092358068527,0.0025586249757790992,,,,,
2025-11-10T09:38:07.490640Z,0.0002269750365428589,0.00034046255481428835,0.0005674375913571472,0.0019838349690791193,0.002538605848206586,,,,,
2025-11-10T09:38:08.490663Z,0.0002347814518831377,0.00035217217782470655,0.0005869536297078442,0.001963374540714268,0.002484011199870043,,,,,
2025-11-10T09:38:09.490690Z,0.0002280338968151588,0.0003420508452227382,0.0005700847420378971,0.001870818241156404,0.002354814274767802,,,,,
2025-11-10T09:38:10.490712Z,0.00015950160622121064,0.00023925240933181594,0.00039875401555302656,0.0013201994101205141,0.0016657145587734331,,,,,
2025-11-10T09:38:11.490736Z,0.00011733335283543167,0.0001760000292531475,0.00029333338208857915,0.0010403348552930963,0.0013360023805297455,,,,,
2025-11-10T09:38:12.490760Z,9.91492128654747e-05,0.00014872381929821203,0.0002478730321636867,0.0009494364352676751,0.0012414805004049513,,,,,
2025-11-10T09:38:13.490785Z,0.00010594216072111802,0.00015891324108167703,0.000264855401802795,0.0010099735563129002,0.00131931964008151,,,,,
2025-11-10T09:38:14.490809Z,0.00011971233244312753,0.0001795684986646913,0.0002992808311078188,0.0010975999494711992,0.001420965388313162,,,,,
2025-11-10T09:38:15.490835Z,0.0001391641950262888,0.0002087462925394332,0.000347910487565722,0.0012478372195931398,0.0016068798052754154,,,,,
2025-11-10T09:38:16.490859Z,0.00016549926259523242,0.0002482488938928486,0.00041374815648808103,0.0014547294701117263,0.0018641692169121115,,,,,
2025-11-10T09:38:17.490886Z,0.00019713615096085446,0.0002957042264412816,0.0004928403774021362,0.0016592659491869689,0.002102844296008758,,,,,
2025-11-10T09:38:18.490909Z,0.00021038120901007578,0.0003155718135151136,0.0005259530225251894,0.0017379316692991659,0.002191623285650454,,,,,
2025-11-10T09:38:19.490933Z,0.00019909006889907445,0.0002986351033486117,0.0004977251722476861,0.001670491095546937,0.0021153335599576905,,,,,
2025-11-10T09:38:20.490959Z,0.00020099823750726215,0.0003014973562608932,0.0005024955937681554,0.001692556106724624,0.0021452947057390647,,,,,
2025-11-10T09:38:21.490983Z,0.00019623701354275542,0.0002943555203141331,0.0004905925338568885,0.0016632859885407452,0.0021117939437454774,,,,,
2025-11-10T09:38:22.491006Z,0.0001790283532812608,0.0002685425299218912,0.00044757088320315194,0.0015023690856850868,0.0019025111479086087,,,,,
2025-11-10T09:38:23.491032Z,0.00016251621720274911,0.00024377432580412363,0.00040629054300687277,0.0013944608931361353,0.001776092020850119,,,,,
2025-11-10T09:38:24.491056Z,0.00013787460787720527,0.0002068119118158079,0.00034468651969301315,0.0012417376394885187,0.0016007313211254552,,,,,
2025-11-10T09:38:25.491080Z,0.00018795836525339893,0.0002819375478800984,0.0004698959131334973,0.0016054152294009702,0.002042380944332035,,,,,
2025-11-10T09:38:26.491107Z,0.0002247364091832484,0.0003371046137748726,0.000561841022958121,0.0019069103460757125,0.0024217946080080446,,,,,
2025-11-10T09:38:27.491131Z,0.0002368024447356805,0.0003552036671035207,0.0005920061118392012,0.0020633163929159627,0.0026382593834056345,,,,,
2025-11-10T09:38:28.491157Z,0.00023560229550861504,0.00035340344326292253,0.0005890057387715376,0.001999661519185018,0.002539772003271907,,,,,
2025-11-10T09:38:29.491184Z,0.00019200308206560848,0.00028800462309841267,0.0004800077051640212,0.001705111238252178,0.002190569351419781,,,,,
2025-11-10T09:38:30.491208Z,0.0001876255707048469,0.0002814383560572703,0.00046906392676211717,0.0016439425940189753,0.0021049565524567894,,,,,
2025-11-10T09:38:31.491232Z,0.00018236503469898862,0.0002735475520484829,0.00045591258674747146,0.0016082634321777788,0.0020625993943272783,,,,,
2025-11-10T09:38:32.491255Z,0.00018179530977374537,0.000272692964660618,0.0004544882744343634,0.0016281078148068307,0.0020959456363244425,,,,,
2025-11-10T09:38:33.491278Z,0.00018698632693197372,0.00028047949039796056,0.0004674658173299342,0.001696640415672945,0.0021910629496671853,,,,,
2025-11-10T09:38:34.491304Z,0.00017837197461693984,0.0002675579619254097,0.00044592993654234955,0.001626095252247205,0.0021023108746680967,,,,,
2025-11-10T09:38:35.491327Z,0.00015784150914078464,0.00023676226371117695,0.0003946037728519616,0.0014518498768808746,0.001881003577415203,,,,,
2025-11-10T09:38:36.491353Z,0.00014800483771172678,0.00022200725656759018,0.00037001209427931696,0.0013464293680900774,0.001739873443351289,,,,,
2025-11-10T09:38:37.491376Z,0.00013041622382941058,0.00019562433574411584,0.0003260405595735264,0.0011954889644520373,0.00154761691640091,,,,,
2025-11-10T09:38:38.491399Z,0.00011424695324415613,0.00017137042986623417,0.0002856173831103903,0.0010319468087934061,0.0013312234249858131,,,,,
2025-11-10T09:38:39.491423Z,0.00011746714747318784,0.00017620072120978176,0.0002936678686829696,0.00103168049059961,0.00132178077203445,,,,,
2025-11-10T09:38:40.491446Z,9.266732998554797e-05,0.00013900099497832195,0.00023166832496386992,0.0008894249515506903,0.0011636113985215703,,,,,
2025-11-10T09:38:41.491472Z,9.675534207781179e-05,0.00014513301311671765,0.00024188835519452944,0.0009197447105495439,0.0012006765790613975,,,,,
2025-11-10T09:38:42.491498Z,9.645304709917065e-05,0.00014467957064875597,0.00024113261774792662,0.000959770498608394,0.0012655642658957527,,,,,
2025-11-10T09:38:43.491525Z,0.00011520556704813412,0.00017280835057220117,0.0002880139176203353,0.001072536827882348,0.0013934833368769812,,,,,
2025-11-10T09:38:44.491551Z,0.00012342485839496821,0.0001851372875924523,0.0003085621459874205,0.001136101658281181,0.0014721730497439783,,,,,
2025-11-10T09:38:45.491574Z,0.00013222809986956774,0.0001983421498043516,0.00033057024967391937,0.0012247473770334426,0.001589357123618719,,,,,
2025-11-10T09:38:46.491598Z,0.0001504563868128739,0.00022568458021931083,0.00037614096703218476,0.0013754992111583376,0.0017795208547772934,,,,,
2025-11-10T09:38:47.491621Z,0.00016541966123892365,0.0002481294918583855,0.00041354915309730917,0.0014737891327978342,0.0018948875610075484,,,,,
2025-11-10T09:38:48.491644Z,0.0001523843246407126,0.00022857648696106886,0.00038096081160178145,0.0013492574945347814,0.0017321358822616553,,,,,
2025-11-10T09:38:49.491671Z,0.00015570106980507015,0.0002335516047076052,0.00038925267451267535,0.0013765537101649405,0.0017665229408097085,,,,,
2025-11-10T09:38:50.491694Z,0.0001465548439056171,0.0002198322658584256,0.00036638710976404266,0.0013247062859260163,0.001709176494545898,,,,,
2025-11-10T09:38:51.491717Z,0.00015656703995793576,0.0002348505599369036,0.0003914175998948394,0.0014261644277279004,0.0018434753724824208,,,,,
2025-11-10T09:38:52.491740Z,0.00018947539499462347,0.0002842130924919352,0.00047368848748655866,0.0016771746657737797,0.0021529483592531017,,,,,
2025-11-10T09:38:53.491767Z,0.0002061289540414744,0.00030919343106221157,0.0005153223851036859,0.0018408374235033681,0.002368178806289261,,,,,
2025-11-10T09:38:54.491790Z,0.00020613591149489676,0.00030920386724234513,0.0005153397787372419,0.0018432323056581643,0.0023719911368673516,,,,,
2025-11-10T09:38:55.491814Z,0.00021833758553896124,0.00032750637830844184,0.0005458439638474031,0.001919160504543956,0.002459311567761238,,,,,
2025-11-10T09:38:56.491838Z,0.0002350352518490182,0.00035255287777352727,0.0005875881296225454,0.0020042117099739075,0.002548640030781001,,,,,
2025-11-10T09:38:57.491864Z,0.00021008878202101182,0.00031513317303151766,0.0005252219550525294,0.0017299814152129894,0.0021797216746819504,,,,,
2025-11-10T09:38:58.491887Z,0.00020101158427415775,0.0003015173764112366,0.0005025289606853943,0.0016546928902295593,0.0020846761883996532,,,,,
2025-11-10T09:38:59.491910Z,0.00019465511518672007,0.00029198267278008006,0.00048663778796680015,0.0016063256717650833,0.0020250867523013173,,,,,
2025-11-10T09:39:00.491937Z,0.00021931968673549222,0.0003289795301032383,0.0005482992168387305,0.0018955141112238143,0.002418727455098725,,,,,
2025-11-10T09:39:01.491960Z,0.00020133481623137186,0.0003020022243470578,0.0005033370405784296,0.0017129497708811467,0.0021769821479619934,,,,,
2025-11-10T09:39:02.491985Z,0.00025588797322253137,0.00038383195983379703,0.0006397199330563283,0.002055184022657858,0.0025718081112294853,,,,,
2025-11-10T09:39:03.492013Z,0.0002965713559175728,0.0004448570338763592,0.000741428389793932,0.002457663852685131,0.0031018623677270055,,,,,
2025-11-10T09:39:04.492037Z,0.0003065096071478922,0.00045976441072183836,0.0007662740178697305,0.0025703776401056286,0.003254377324154908,,,,,
2025-11-10T09:39:05.492064Z,0.00029259463794808354,0.00043889195692212526,0.0007314865948702088,0.0024898187678900822,0.0031644450423694978,,,,,
2025-11-10T09:39:06.492088Z,0.0002679774622269608,0.00040196619334044106,0.0006699436555674019,0.002299614455038725,0.002929046233826471,,,,,
2025-11-10T09:39:07.492111Z,0.00024482938783904924,0.00036724408175857384,0.0006120734695976231,0.002114675902597727,0.002697959158207026,,,,,
2025-11-10T09:39:08.492134Z,0.00017871386749305576,0.0002680708012395836,0.0004467846687326394,0.0016134890351981836,0.002081183627336538,,,,,
2025-11-10T09:39:09.492161Z,0.00016548978909582777,0.0002482346836437416,0.0004137244727395694,0.001443578639995838,0.0018463544145250232,,,,,
2025-11-10T09:39:10.492184Z,0.00017968637995690326,0.0002695295699353549,0.00044921594989225815,0.001541770755421082,0.001963711344794402,,,,,
2025-11-10T09:39:11.492208Z,0.0002129389036436491,0.0003194083554654736,0.0005323472591091227,0.001706476696916912,0.002134133784864842,,,,,
2025-11-10T09:39:12.492234Z,0.00022554535091539568,0.0003383180263730935,0.0005638633772884891,0.0017647293184562042,0.0021920399269668186,,,,,
2025-11-10T09:39:13.492258Z,0.0002442288471849858,0.00036634327077747866,0.0006105721179624644,0.001894115975458858,0.0023467447886162127,,,,,
2025-11-10T09:39:14.492282Z,0.00024285513400285365,0.0003642827010042804,0.0006071378350071341,0.0019020602712283544,0.0023633020587573773,,,,,
2025-11-10T09:39:15.492308Z,0.00023902443303578391,0.0003585366495536759,0.0005975610825894598,0.001871769710508183,0.002325563124312898,,,,,
2025-11-10T09:39:16.492333Z,0.0002475885427485135,0.0003713828141227702,0.0006189713568712837,0.0018852535407512577,0.002323157745506175,,,,,
2025-11-10T09:39:17.492356Z,0.00023795479521343196,0.0003569321928201479,0.0005948869880335798,0.001797040942511711,0.0022089920814211284,,,,,
2025-11-10T09:39:18.492383Z,0.00021649156082214125,0.00032473734123321184,0.0005412289020553531,0.0016835525254581879,0.0020875076704311053,,,,,
2025-11-10T09:39:19.492406Z,0.00020298574557161062,0.00030447861835741595,0.0005074643639290266,0.0016740682152855597,0.0021101490568563863,,,,,
2025-11-10T09:39:20.492430Z,0.00020807719205019495,0.00031211578807529243,0.0005201929801254873,0.0017616492990344497,0.002236022740714574,,,,,
2025-11-10T09:39:21.492453Z,0.0002160259020508162,0.00032403885307622426,0.0005400647551270406,0.0018487450059570011,0.002353119483788917,,,,,
2025-11-10T09:39:22.492483Z,0.0001904883160982529,0.0002857324741473793,0.00047622079024563224,0.0016889733479168627,0.002168990071591872,,,,,
2025-11-10T09:39:23.492507Z,0.00015008554649665587,0.00022512831974498378,0.00037521386624163967,0.0013797476145028297,0.0017873566530138914,,,,,
2025-11-10T09:39:24.492530Z,0.00013886140844695348,0.00020829211267043017,0.0003471535211173837,0.0013004703466987313,0.0016919406110665009,,,,,
2025-11-10T09:39:25.492554Z,0.0001397516132661442,0.00020962741989921625,0.00034937903316536046,0.0013351882503132627,0.0017449966833560165,,,,,
2025-11-10T09:39:26.492577Z,0.00013203780528951928,0.00019805670793427888,0.00033009451322379816,0.0012961999339857913,0.0017042140395666123,,,,,
2025-11-10T09:39:27.492600Z,0.00011755899204779381,0.0001763384880716907,0.0002938974801194845,0.0011482181605749436,0.0015079838791860875,,,,,
2025-11-10T09:39:28.492623Z,9.557391230354583e-05,0.00014336086845531874,0.00023893478075886457,0.0009756797665123844,0.001293480671969887,,,,,
2025-11-10T09:39:29.492646Z,9.622450577624333e-05,0.00014433675866436498,0.00024056126444060833,0.000928466956650871,0.0012161185144679123,,,,,
2025-11-10T09:39:30.492670Z,0.00011254924349659663,0.00016882386524489496,0.0002813731087414916,0.0009739825631951878,0.00124323421932183,,,,,
2025-11-10T09:39:31.492693Z,0.00010032687700660619,0.00015049031550990927,0.00025081719251651545,0.000872265334840564,0.0011147092801264051,,,,,
2025-11-10T09:39:32.492716Z,9.746892311398526e-05,0.00014620338467097787,0.00024367230778496313,0.0008910220650573976,0.0011527223193726773,,,,,
2025-11-10T09:39:33.492742Z,0.00011336332756844728,0.0001700449913526709,0.00028340831892111816,0.000997179876672852,0.001278070485484911,,,,,
2025-11-10T09:39:34.492765Z,0.00013022847438347312,0.00019534271157520966,0.0003255711859586828,0.0011395643678293688,0.0014586632602532658,,,,,
2025-11-10T09:39:35.492788Z,0.0001281836172487584,0.0001922754258731376,0.000320459043121896,0.0011777096315587427,0.001525421282197465,,,,,
2025-11-10T09:39:36.492815Z,0.000129967638119028,0.00019495145717854197,0.00032491909529757,0.0011915050754377453,0.0015424987339671143,,,,,
2025-11-10T09:39:37.492840Z,0.00013551626587465646,0.00020327439881198464,0.00033879066468664107,0.0012876362365675982,0.0016807724340591192,,,,,
2025-11-10T09:39:38.492863Z,0.0001530463509781242,0.00022956952646718628,0.00038261587744531047,0.0014245915491723565,0.001850816695937023,,,,,
2025-11-10T09:39:39.492887Z,0.00015024358174557304,0.00022536537261835956,0.0003756089543639326,0.0014204265846768226,0.0018520005065953118,,,,,
2025-11-10T09:39:40.492910Z,0.0001480376933486792,0.0002220565400230188,0.000370094233371698,0.0014527934902434257,0.0019099640430131795,,,,,
2025-11-10T09:39:41.492933Z,0.00018498490842805624,0.0002774773626420843,0.0004624622710701406,0.0017200412313301057,0.002234108226529612,,,,,
2025-11-10T09:39:42.492958Z,0.00020935908707863055,0.00031403863061794577,0.0005233977176965763,0.0018405596186257742,0.0023586899459810736,,,,,
